,recession_indicator,cli_equal,cli_pca,cli_weighted
1986-12-01,0.0,-0.15789911530475872,0.9369170020433443,-0.1931062638071285
1987-01-01,0.0,-0.15019859714695763,0.22661738330390413,-0.38009231768204327
1987-02-01,0.0,-0.21829161893553076,-0.30710697940987125,-0.3098014605461644
1987-03-01,0.0,-0.10556322229748391,-0.8025338193751609,-0.1821485521443993
1987-04-01,0.0,-0.12035011947058669,-0.7043695876967407,-0.16786769905646493
1987-05-01,0.0,-0.05420699094163438,-0.7041102543901331,0.06354469698606349
1987-06-01,0.0,-0.027076244590269007,-0.8699837234091958,0.07592690881012303
1987-07-01,0.0,-0.0015467264059322097,-0.3947809689776269,0.04776418094863516
1987-08-01,0.0,0.1243988929485673,-0.5610629709246376,0.14022350640973258
1987-09-01,0.0,0.37592961762844523,-0.4946742950623544,0.4023161747793359
1987-10-01,0.0,0.4003609425375924,-1.1335411303882148,0.39151386304078317
1987-11-01,0.0,-0.2277328266551455,0.12614915099455629,-0.20060403743854047
1987-12-01,0.0,-0.3026967480421697,0.5279886485411828,-0.5251615013436793
1988-01-01,0.0,-0.5386593681810099,1.0213578214988006,-0.5415677345173014
1988-02-01,0.0,-0.6698788525698276,1.3527707631950219,-0.5729732372904034
1988-03-01,0.0,-0.24670153339635081,0.6960662139044238,-0.31054275135086756
1988-04-01,0.0,-0.0748140040578191,0.16035044714210522,-0.10293560798454568
1988-05-01,0.0,-0.062355695972311304,0.3984679075518641,-0.13439756171605471
1988-06-01,0.0,-0.01739079467993695,0.4234699182952372,0.09183467983649216
1988-07-01,0.0,0.005175788008010295,0.37104216050904687,0.035394421695388215
1988-08-01,0.0,-0.026248263662146477,0.42930240348019905,-0.03520895411193885
1988-09-01,0.0,0.2393418228222192,0.3199035108268974,0.2589545970421733
1988-10-01,0.0,0.23357231144917823,0.0802479245753708,0.24594164109735225
1988-11-01,0.0,0.3606667108395623,-0.057018292191735376,0.39147197468451667
1988-12-01,0.0,0.35665361248072486,-0.38934532713241854,0.3453829511553331
1989-01-01,0.0,0.27891548857288706,-0.4836180180725037,0.25080917640175654
1989-02-01,0.0,0.6337580284118552,-0.8810532149278855,0.5859137911494571
1989-03-01,0.0,0.38476342088696747,-0.18545550227318947,0.47109634270594636
1989-04-01,0.0,0.42537306817682713,-0.33183025384523784,0.5024402621946864
1989-05-01,0.0,0.13114480785019977,0.16020703779759168,0.21303223534246424
1989-06-01,0.0,0.005547882576442719,0.26879512473662664,0.04383663678245578
1989-07-01,0.0,0.06483195696613764,0.4079931012455926,0.022506132307222985
1989-08-01,0.0,0.17386033980726104,0.36826188112314673,0.10209086983178575
1989-09-01,0.0,-0.044894657075367564,0.28437484055960904,-0.06169436467274371
1989-10-01,0.0,0.05837888596296675,-0.009573821388720828,0.16053521233975354
1989-11-01,0.0,0.033315014768262693,-0.48794971139683596,0.02392818366352511
1989-12-01,0.0,-0.19327726645337096,-0.13437965561520854,-0.24825342541648784
1990-01-01,0.0,-0.3627291289899562,0.09641991487398816,-0.36015768781902396
1990-02-01,0.0,0.15786053777354342,-1.6400917893771862,0.015407169734502523
1990-03-01,0.0,0.09374889918548009,-1.037479359691709,0.03137784629515705
1990-04-01,0.0,0.050128145448292846,-1.0005390558641465,0.11044726577196481
1990-05-01,0.0,0.19638205007509094,-1.176070144213029,0.318562474622708
1990-06-01,0.0,0.3223927044717778,-0.6825333448644278,0.3797060961358193
1990-07-01,0.0,0.15319522837932867,-0.32705880080809524,0.2229769136457138
1990-08-01,1.0,0.17150301179075883,-0.448100840660574,0.23351962715435137
1990-09-01,1.0,-0.07327663958763551,0.4455963358605286,-0.059452033732309034
1990-10-01,1.0,-0.11844168031807015,0.8479611024806095,-0.13994915915828376
1990-11-01,1.0,-0.550851093668817,2.0940644412819664,-0.6855337651178856
1990-12-01,1.0,-0.32212245758302405,1.5854029570507906,-0.5682458453070109
1991-01-01,1.0,-0.6391903879874965,2.1986375650460723,-0.7828468943855024
1991-02-01,1.0,-0.9612513559696398,2.331954007112333,-0.9525254504046266
1991-03-01,1.0,-0.4314078518268421,1.4716096522636364,-0.4564846903362873
1991-04-01,0.0,0.03769346308115705,0.04597121627218735,0.3074681068694098
1991-05-01,0.0,-0.030516649525498,-0.16127435681379138,0.13794666372633888
1991-06-01,0.0,-0.06936933738269555,-0.3463721609771275,0.04789297286322669
1991-07-01,0.0,0.25520836063917146,-0.8439800594898537,0.3701627498842649
1991-08-01,0.0,0.32437756843966303,-1.2935246873889765,0.4531388909972826
1991-09-01,0.0,0.18664898879537975,-1.0827646086685647,0.27224160222471433
1991-10-01,0.0,-0.02092673395424299,-1.0299377424982366,0.05858329662534231
1991-11-01,0.0,-0.12468245284254677,-0.703207766068414,-0.15175341946614013
1991-12-01,0.0,-0.2249449829277646,0.34707220676113604,-0.36855244650663516
1992-01-01,0.0,-0.2991837148498761,0.7070006359754839,-0.4437868031108266
1992-02-01,0.0,-0.1949889139666087,0.45193009699737957,-0.36977140120928365
1992-03-01,0.0,0.011221138242531606,-0.12613158010755388,-0.1442379988637852
1992-04-01,0.0,0.43483105212273043,-0.612603739964557,0.3906216652901468
1992-05-01,0.0,0.05034704507946017,-0.3128051839415511,0.169482362235193
1992-06-01,0.0,0.19263759821551324,-0.8035546258081178,0.2562791890581552
1992-07-01,0.0,0.039117025081633644,-0.6543386496632079,0.1298419892505494
1992-08-01,0.0,-0.25654215565013316,-0.2996044064510013,-0.2669788196750536
1992-09-01,0.0,-0.13065611516136877,-0.18266667522300023,-0.21497108413765842
1992-10-01,0.0,-0.17575923481558817,0.28069489498454797,-0.26298827188568835
1992-11-01,0.0,-0.1268866352111423,0.3736268472951554,-0.27840944962010533
1992-12-01,0.0,0.19086810332626197,-0.3364882619813978,0.24103183478103204
1993-01-01,0.0,0.33597624610201926,-0.7314383666125431,0.45581661865602136
1993-02-01,0.0,0.08407876003024337,-0.42753264491053805,0.22912518525076972
1993-03-01,0.0,0.087139152025397,0.00529448439272971,0.1405622765200482
1993-04-01,0.0,-0.1701646531089356,0.5316512269237502,-0.0536825125397582
1993-05-01,0.0,0.06383231365855242,0.20414490284081177,0.06471497057555835
1993-06-01,0.0,0.0761657368615527,0.799969101829754,-0.011624089904482098
1993-07-01,0.0,0.07432737815944646,0.6944280722826356,0.010889839079611092
1993-08-01,0.0,-0.04926512160543465,1.2906379472877578,-0.15886437523069
1993-09-01,0.0,0.05398474112873458,0.7934665182537032,-0.01724804456417971
1993-10-01,0.0,-0.11011162988523734,0.5899052337024957,-0.21635269998579204
1993-11-01,0.0,-0.043715317084412994,0.20369602581879648,-0.12865725427404714
1993-12-01,0.0,-0.09892733561009343,0.3440161174955356,-0.2168476717468212
1994-01-01,0.0,0.27497311301013033,-0.5138763813931654,0.12269099198866068
1994-02-01,0.0,-0.0261024094751049,-0.011609132661028991,0.0655237017817448
1994-03-01,0.0,0.05322287541330412,-0.32475443475292987,0.0849489297456747
1994-04-01,0.0,0.35379017998686385,-0.8741133947530555,0.25179154319469715
1994-05-01,0.0,0.15166014668782427,-0.6512231636859639,0.1730848591632448
1994-06-01,0.0,0.24246650819648596,-1.0208283859485572,0.24253188637809234
1994-07-01,0.0,-0.08835878574142446,-0.4097045972591802,-0.033729254198661254
1994-08-01,0.0,-0.1536684794415508,-0.42976233284889087,-0.14249650250033835
1994-09-01,0.0,-0.07165139365023675,-0.6353108930928707,-0.06729868566834726
1994-10-01,0.0,0.10061442041423611,-0.2150314025421488,0.08186461982467592
1994-11-01,0.0,0.1417368545577793,-0.29277128834403865,0.16976807877059455
1994-12-01,0.0,0.28098850130974495,-0.4248055208278452,0.2646848230666256
1995-01-01,0.0,0.31080680983967307,-0.462229422414641,0.39719956536118883
1995-02-01,0.0,0.33067187571682227,-0.4399464371477405,0.4514572456620737
1995-03-01,0.0,0.13944037905356219,0.17475624253219346,0.27803604448230773
1995-04-01,0.0,-0.19339877416556625,0.8218795108374842,-0.08469764401453847
1995-05-01,0.0,-0.05984002073687285,0.8282646965814484,0.056897484828627144
1995-06-01,0.0,-0.026663675884240595,0.8424920868348269,0.023699843260991865
1995-07-01,0.0,-0.019007579905893003,1.2199020414321238,0.07159963054847039
1995-08-01,0.0,0.31250151949594457,0.5181466679922425,0.27694335175859625
1995-09-01,0.0,0.19147876635365324,0.051084253419283104,0.21561293059914055
1995-10-01,0.0,-0.15238138194295786,0.635941026199083,-0.1749787307418012
1995-11-01,0.0,-0.501563526189995,0.13656253370609459,-0.4632172096240695
1995-12-01,0.0,-0.39445628660616033,0.021985082078464183,-0.4524654319210242
1996-01-01,0.0,-0.3006716160475711,0.004980658776374058,-0.3296176477454246
1996-02-01,0.0,-0.2689160021990334,-0.009648316750117293,-0.39687859451923985
1996-03-01,0.0,-0.13993088427576625,0.35250214653512413,-0.2690330731744388
1996-04-01,0.0,-0.13132400264253638,0.13778573852578901,-0.13717156480881146
1996-05-01,0.0,-0.04544172490763948,-0.30983773847179436,-0.1262188863210689
1996-06-01,0.0,-0.08106349320953088,-0.19923302315271896,-0.17520969577861248
1996-07-01,0.0,-0.03872551740394311,-0.2335435832073819,-0.06031941739727339
1996-08-01,0.0,-0.1877442321424264,-0.5341237174369048,-0.21215754696566821
1996-09-01,0.0,-0.06878520556840775,-0.5963805747734661,-0.11781924631857231
1996-10-01,0.0,-0.15721768891826293,-0.3970153146633335,-0.19851138332217844
1996-11-01,0.0,-0.19913198597085893,0.18749094740635444,-0.16089502245858145
1996-12-01,0.0,0.08833753494855219,-0.2919327815145084,0.06400486649439396
1997-01-01,0.0,0.02381109382904285,0.8435148847306969,0.037919176604549965
1997-02-01,0.0,-0.10817815210668931,0.4484515271714471,-0.0710685073302273
1997-03-01,0.0,0.06007706090444206,-0.08002063096692698,0.03715055275167905
1997-04-01,0.0,-0.031527466853002596,0.016904911769484096,-0.016425955957300536
1997-05-01,0.0,0.021797060810051005,-0.40699089532280025,0.013802688615053751
1997-06-01,0.0,0.009158745913459856,-0.22955228482315088,0.062408094065736525
1997-07-01,0.0,0.1429256080363139,-0.32042157398885485,0.15825119601998558
1997-08-01,0.0,0.1381619794065138,-0.4845497655313338,0.1938737845991227
1997-09-01,0.0,-0.03226820635034572,0.25625757881106725,0.06767136307012168
1997-10-01,0.0,0.23120703812780413,-0.313343878390745,0.25674713910286784
1997-11-01,0.0,0.041494499268650294,-0.2182597546291359,0.06848720370268208
1997-12-01,0.0,0.12822216993854685,-0.2511556426502751,0.17871813852008103
1998-01-01,0.0,0.05357170227126979,-0.1364193120618831,0.02476357398409277
1998-02-01,0.0,0.0029731852399192266,-0.1342920158392118,0.051055224367849567
1998-03-01,0.0,0.29839699076604925,-0.3593759949940499,0.35393209493922095
1998-04-01,0.0,0.2625190445862723,-0.020924544748623514,0.31099247524074575
1998-05-01,0.0,0.24622970479984407,-0.0548284703821402,0.369287689356379
1998-06-01,0.0,0.15546138313295427,0.21337309075745103,0.3068760467729887
1998-07-01,0.0,0.33275363877780273,-0.20273667009894047,0.41144946863870946
1998-08-01,0.0,0.310070576251653,-0.35771339279876657,0.3531785113625445
1998-09-01,0.0,-0.09060694204318462,0.7383894712942047,0.0003519973661041953
1998-10-01,0.0,-0.48921077069814367,1.282409957059239,-0.5425579751591055
1998-11-01,0.0,-0.527899382235737,1.2044237782314138,-0.8043492755343533
1998-12-01,0.0,-0.28636124178473726,0.7766203582223596,-0.4149135131192013
1999-01-01,0.0,-0.21909198077642716,0.12447642719958013,-0.525663053859355
1999-02-01,0.0,-0.2638334102290931,-0.3700495379253451,-0.5332765438103164
1999-03-01,0.0,-0.10861993700415079,0.08586538835471372,-0.15093441866636303
1999-04-01,0.0,-0.06930820028216758,-0.20328954303614308,-0.16171695278771564
1999-05-01,0.0,-0.31978609158538834,0.26186318771700834,-0.29335039362503806
1999-06-01,0.0,-0.19255747315293034,-0.1432193509251075,-0.16973103086330388
1999-07-01,0.0,-0.13684642710458586,-0.32649182652632736,-0.0602833980348441
1999-08-01,0.0,0.004067802379835002,-0.1722314858016616,-0.029258143191532717
1999-09-01,0.0,0.0653334326156032,0.19287823722666056,0.005853020161348484
1999-10-01,0.0,-0.0572013190540768,0.2172753344031455,-0.08260934319559574
1999-11-01,0.0,-0.21941295504034194,0.10677335056553588,-0.2681782496641293
1999-12-01,0.0,0.0522209740310425,-0.45335570125345337,0.06758108285152749
2000-01-01,0.0,0.2749341926627818,-1.0978092837819142,0.2519188083336943
2000-02-01,0.0,0.42677891413675456,-1.304244235829915,0.6070510449010381
2000-03-01,0.0,0.5485869645552104,-1.3222682303928937,0.6336170076439025
2000-04-01,0.0,0.2663701335547721,-0.8083856722922683,0.2553180327031229
2000-05-01,0.0,0.3120892780606632,-0.18962368327114898,0.28114181468230004
2000-06-01,0.0,0.2542515163556264,-0.006709607173512768,0.288559514654158
2000-07-01,0.0,0.27629610075633987,0.07734918715521887,0.32852737095404627
2000-08-01,0.0,0.2293760492012374,0.06181706455003866,0.3930235333436343
2000-09-01,0.0,0.4900750511263547,-0.04559464530923052,0.5450172629759357
2000-10-01,0.0,0.27605222991717465,0.21242136390408084,0.3638983828801536
2000-11-01,0.0,0.38593400703954156,0.23511346195698615,0.46158662656378896
2000-12-01,0.0,0.4273383859246295,0.3108210325694264,0.5738997143119123
2001-01-01,0.0,-0.07437643252495453,0.8223915841472146,-0.02520947954635399
2001-02-01,0.0,-0.038582145112629765,0.5426065899271821,-0.05402323763189729
2001-03-01,0.0,-0.302434549498913,0.8072365427735597,-0.3481157748334512
2001-04-01,1.0,-0.3680389166151293,1.3826963451097203,-0.37654650178026505
2001-05-01,1.0,-0.23750826491050706,0.8295218415996545,-0.3084211203219123
2001-06-01,1.0,-0.032975759348576675,0.150013664707561,0.05573338601207675
2001-07-01,1.0,-0.05244403758224651,-0.07472698702876507,0.03992981195742641
2001-08-01,1.0,0.0032760422563898675,-0.3521104940188974,0.0680082934541437
2001-09-01,1.0,-0.30654078531547907,0.12521065797134887,-0.20932928668174708
2001-10-01,1.0,-0.8201152768704298,1.4800476128933429,-0.8997800439322053
2001-11-01,1.0,-0.834580418675157,1.2634123265801223,-0.8948346736035853
2001-12-01,0.0,-0.26457503103533675,0.5695448703757636,-0.35805264343474785
2002-01-01,0.0,-0.1575020819954702,-0.2510336379881802,-0.12034731358490723
2002-02-01,0.0,0.1745929267679003,-1.235833440531727,0.19246566892156458
2002-03-01,0.0,0.3487983405684185,-1.4351326254726484,0.22537950946982857
2002-04-01,0.0,0.33773933017920144,-1.7364465887665042,0.4377041455504394
2002-05-01,0.0,0.09159247349081887,-1.3656637216356298,0.20309406484809436
2002-06-01,0.0,0.33837080839781386,-2.078413598717468,0.3270324967202265
2002-07-01,0.0,-0.005867047484953798,-1.319140882270944,-0.03362859549211544
2002-08-01,0.0,-0.13025243715362272,0.02003025252244678,-0.1971453011599199
2002-09-01,0.0,-0.15543409994822008,0.13377142000483205,-0.22785111367211192
2002-10-01,0.0,-0.10669090395146336,0.5034578545068219,-0.3054496528185193
2002-11-01,0.0,-0.4456457296328361,1.7414847837097156,-0.6619546911458036
2002-12-01,0.0,-0.03409795949225807,0.9985389281205547,-0.22193647877724132
2003-01-01,0.0,0.03465700465432653,1.0235636011847327,-0.0532033414380058
2003-02-01,0.0,-0.15326256228369342,0.9365350260792193,-0.2807292400191326
2003-03-01,0.0,-0.5791679099136366,1.6689346753626035,-0.5410782720628478
2003-04-01,0.0,-0.5361824862054939,1.4722233962851508,-0.5950347455966964
2003-05-01,0.0,-0.3534674861339511,0.7537547562792051,-0.23312686854909898
2003-06-01,0.0,0.13684554428637832,0.2991441227905428,0.2715465741967432
2003-07-01,0.0,0.09071701930266142,0.02588485655718096,0.06183720041261161
2003-08-01,0.0,0.07883971808346978,-0.23042767902994374,0.15487245690302204
2003-09-01,0.0,-0.03583580551194871,0.03532069226030299,0.07494088178645746
2003-10-01,0.0,-0.014793999762855578,-0.25956973893996027,-0.005634431009332082
2003-11-01,0.0,0.02359723914958066,-0.8667420556939116,-0.0026310275203391686
2003-12-01,0.0,0.32805605681663846,-1.3667100666670424,0.2598784245441599
2004-01-01,0.0,0.2519224387592056,-1.1782630939124976,0.17927450217532345
2004-02-01,0.0,0.2990241379709258,-1.2177470180367769,0.4648862289968922
2004-03-01,0.0,-0.016799208999161944,-0.5143879060796283,0.08573443281297133
2004-04-01,0.0,0.08206807650590561,-0.5233454305570969,0.09127694181028076
2004-05-01,0.0,0.0260033137997405,-0.4458631740138657,0.05125060910877529
2004-06-01,0.0,0.16132475556653006,0.14252758707138555,0.16078573694545606
2004-07-01,0.0,0.09032603179962591,0.4298405876474915,0.2269915093732019
2004-08-01,0.0,0.20011595242677568,-0.08643120508173782,0.212519295906618
2004-09-01,0.0,0.2219271188682168,0.34213038423762254,0.200551660435324
2004-10-01,0.0,-0.16768487297760562,0.5206143443605145,-0.13051990006792796
2004-11-01,0.0,0.0388087583555665,0.18166767142335233,-0.061571609758916054
2004-12-01,0.0,-0.208885815112906,1.0644906343984986,-0.054459193997723386
2005-01-01,0.0,0.2721207937903448,-0.4047675591346766,0.2535291892430249
2005-02-01,0.0,0.3896794916346338,-0.552238360618207,0.3477207405005883
2005-03-01,0.0,0.5293605250894241,-0.9918830610774513,0.4474580105276141
2005-04-01,0.0,-0.04278625697791329,0.1589166174195865,0.12000670614449309
2005-05-01,0.0,-0.012636617099462788,0.20792750280527725,-0.036374674112343824
2005-06-01,0.0,-0.1221513989215599,0.5391634950926726,-0.17703299541538028
2005-07-01,0.0,0.19512423515050595,-0.08584932928613107,0.24177952927904292
2005-08-01,0.0,0.2873606310118495,-0.0938712955044462,0.3571421699483496
2005-09-01,0.0,0.19883348775707826,0.21927766818765307,0.21028994261386397
2005-10-01,0.0,-0.14573679975848258,0.7940292038701547,-0.3630382177933207
2005-11-01,0.0,-0.37320596747704504,1.286049833126916,-0.5638908677404336
2005-12-01,0.0,-0.09164445047634401,0.365184157283559,-0.2807276539995182
2006-01-01,0.0,-0.08049078316136334,0.31510146968759273,-0.049924179524655395
2006-02-01,0.0,0.37887063320493786,-0.9408825930525034,0.16325480589065092
2006-03-01,0.0,0.07097449706869612,-0.5427916239398924,-0.03752930382515145
2006-04-01,0.0,-0.3016829026565199,-1.0273611006373415,-0.4101955163392565
2006-05-01,0.0,-0.4215691032040831,-0.1681183028312472,-0.42877600294239543
2006-06-01,0.0,-0.31828405639543567,0.32089416956031525,-0.4609711497028628
2006-07-01,0.0,-0.3440232922573701,0.41329439043685423,-0.3488863743612769
2006-08-01,0.0,-0.3244594838100883,0.6042421949246648,-0.3248175624030759
2006-09-01,0.0,-0.4919231817526953,0.7943035806650984,-0.4999463963010023
2006-10-01,0.0,-0.20395712534924945,0.21972815651503322,-0.24952602371734595
2006-11-01,0.0,-0.23089212451916455,0.1449263517430253,-0.03312950535653434
2006-12-01,0.0,-0.05265396279345009,-0.44362355025823913,0.05653505780520431
2007-01-01,0.0,0.07292651598657146,-0.8712165650759987,0.11068971008919463
2007-02-01,0.0,0.06974774527082418,-0.6238667115435327,0.3052043523724105
2007-03-01,0.0,0.20631719162794596,-0.48624283058881,0.33509583594755105
2007-04-01,0.0,0.1768388959375366,-0.6177783994817535,0.19422957696326823
2007-05-01,0.0,0.2084484493568871,-1.0570013608617612,0.20276677710872953
2007-06-01,0.0,0.26098466238999896,-1.6029018005758002,0.3209456258030808
2007-07-01,0.0,0.4500897602034774,-1.4354224665734396,0.5120567348775702
2007-08-01,0.0,0.448863464043018,-1.659509611934738,0.6085084881838693
2007-09-01,0.0,0.30799130869032076,-0.920474797187527,0.3688907478760809
2007-10-01,0.0,0.2324793824069069,-0.7777472704005844,0.38906058766481233
2007-11-01,0.0,0.5696449237240886,-1.373495491463669,0.7101957439859987
2007-12-01,0.0,0.2636912908508578,-0.788256435809495,0.36100754644749455
2008-01-01,1.0,0.046021333588563695,-0.10597408906240224,0.19188503868353768
2008-02-01,1.0,0.17974568010138495,-0.31338634099456664,0.2832909028404295
2008-03-01,1.0,0.041541262724184055,0.3145834362676828,0.011484906156285555
2008-04-01,1.0,-0.11382159151684541,0.8071597986564157,-0.11657288554443086
2008-05-01,1.0,0.004301885850640952,0.3208007972968684,-0.05306602628543465
2008-06-01,1.0,0.2583002036588342,0.18811903251834783,0.31857125915252216
2008-07-01,1.0,0.47903115104925753,0.3570128526116366,0.5033198935470733
2008-08-01,1.0,0.5481793276702218,0.4236960045061329,0.6845016707997609
2008-09-01,1.0,0.631009614131097,0.5096155920365536,0.8221305530790931
2008-10-01,1.0,0.7162552266180745,0.6034965895275127,0.9250463790984665
2008-11-01,1.0,-0.3758471817966187,3.5694293593212785,-0.6295511994031078
2008-12-01,1.0,-0.7494247461884604,4.925787743339558,-1.1096074980710042
2009-01-01,1.0,-0.5270874146675488,5.398614145502723,-0.877455319856807
2009-02-01,1.0,-0.37441035557097385,5.360344240391829,-0.5429311753969441
2009-03-01,1.0,-0.5981229088827331,4.334696005631242,-0.7794105944469654
2009-04-01,1.0,-1.281324131748022,3.431483462658995,-1.6894076390452846
2009-05-01,1.0,-0.971416608846314,2.8878561820333597,-1.1578889253397768
2009-06-01,1.0,-0.5457703796215126,1.0637307607988729,-0.6021862632206323
2009-07-01,0.0,-0.2939583210828276,-1.3028640059829006,-0.21828146606880075
2009-08-01,0.0,-0.44380501131289807,-2.2282252188326566,-0.46146610015688994
2009-09-01,0.0,0.06294392424086799,-2.6670672384710143,0.11516479460131146
2009-10-01,0.0,0.22349767457213998,-3.4999427040724354,0.284641311474529
2009-11-01,0.0,-0.48284166617047286,-3.2930581116198208,-0.39687023535324417
2009-12-01,0.0,-0.450848765864162,-3.218101688835943,-0.5169994787961272
2010-01-01,0.0,-0.19713272074834126,-3.393816839138316,-0.22258465268303096
2010-02-01,0.0,-0.02512141728627108,-3.3532502134527706,0.06326154609009754
2010-03-01,0.0,-0.005466143855265039,-2.682063703326729,0.06792472229990211
2010-04-01,0.0,0.43570471967573887,-2.3250697874267594,0.48922973947372494
2010-05-01,0.0,0.6369261940277825,-2.2454051849891883,0.6468075250863324
2010-06-01,0.0,0.2992198344629105,-1.1132260129517488,0.35674591576226705
2010-07-01,0.0,-0.025479898095144865,-0.2651283988238356,0.007305149464211236
2010-08-01,0.0,-0.1500506593713327,0.20596891986204544,-0.1711160616527791
2010-09-01,0.0,-0.13053978080172948,0.2040708439929662,-0.15846767427221062
2010-10-01,0.0,0.0773597413441953,0.5714668203188503,0.019364737942237805
2010-11-01,0.0,0.03770442979699816,1.1445852217049652,-0.052051575041676144
2010-12-01,0.0,0.24769884527830546,1.2679317191367645,0.24942722781920684
2011-01-01,0.0,0.502211981161639,0.35787170537605506,0.61814098337635
2011-02-01,0.0,0.6259562443003341,-0.18602271669881312,0.7222292229558203
2011-03-01,0.0,0.6565082932829698,-0.16125825303478847,0.8913941272773246
2011-04-01,0.0,0.2588509755430657,-0.2135860096562881,0.3470624367551296
2011-05-01,0.0,0.2752966140768531,-0.1983735443388922,0.40201436768942267
2011-06-01,0.0,0.3037291962911629,-0.3509921271213176,0.46704029463824015
2011-07-01,0.0,0.12752598879696175,0.037409935898058966,0.26010421360129726
2011-08-01,0.0,-0.1641113365964867,0.36731727409728404,-0.14361713459968506
2011-09-01,0.0,-0.7689151992500948,1.1785341428036442,-0.8895520263902003
2011-10-01,0.0,-0.6431181594435488,1.6158479068924072,-0.7781801222238413
2011-11-01,0.0,-0.37373416888592204,1.1199142041928485,-0.5130973160460415
2011-12-01,0.0,-0.07456356807047015,0.6068395890587553,-0.23786985795245374
2012-01-01,0.0,0.0014589738334033903,0.5047390052970818,-0.11832852248132432
2012-02-01,0.0,0.18658541169774298,0.019149739033544444,0.11949629922554468
2012-03-01,0.0,0.3070455553005285,0.11266321335709119,0.29679982631845153
2012-04-01,0.0,0.33171855826488317,-0.09465778605437929,0.3484647727769376
2012-05-01,0.0,0.39435697322802526,0.1359381809172025,0.3735179320180334
2012-06-01,0.0,0.2293011773585838,0.6700949994129011,0.2341725858981512
2012-07-01,0.0,-0.18558808882542518,0.8366207927995507,-0.261428809999133
2012-08-01,0.0,-0.3592783516519188,1.003236928446708,-0.38372349100562547
2012-09-01,0.0,-0.17458982300163653,0.7892902729623333,-0.16395835592149846
2012-10-01,0.0,-0.03675863174102972,-0.18699519295370484,-0.04595881999419451
2012-11-01,0.0,0.24206069517589804,-0.6683037038003941,0.33356597045248376
2012-12-01,0.0,0.06707693151383669,-0.29427115897943285,0.21369153456052517
2013-01-01,0.0,-0.06605133577151226,-0.012356158310782963,-0.15231517142268483
2013-02-01,0.0,0.03598162786076152,0.3278729751354461,0.014214809111582717
2013-03-01,0.0,0.07839549707875078,-0.25083452374700865,0.007448419373122898
2013-04-01,0.0,0.014456028540440684,-0.5337177632679595,-0.09937951537814968
2013-05-01,0.0,-0.4742369891389432,-0.17344366327440364,-0.436931515333059
2013-06-01,0.0,-0.14656512926140133,-0.9215385949972683,-0.09038595457773703
2013-07-01,0.0,-0.29764760231024656,-0.004758668783207439,-0.22076008015007972
2013-08-01,0.0,-0.07615358265666522,-0.3697908167115874,-0.009104215467790357
2013-09-01,0.0,-0.22517468261859191,-0.14758093139869877,-0.1785696063646896
2013-10-01,0.0,-0.47681049795067376,0.36112331075539505,-0.4176172136010271
2013-11-01,0.0,-0.4819423331509186,0.2373573748238726,-0.5624783673393309
2013-12-01,0.0,-0.05438268117235364,-0.30744646007200493,-0.2639729104067976
2014-01-01,0.0,0.08534828462864721,-0.6059531410011879,0.060177801934484625
2014-02-01,0.0,-0.29356756424375374,-0.29654290591632765,-0.2298019164146663
2014-03-01,0.0,-0.2881009084727392,-0.4928566648276941,-0.2565668754519847
2014-04-01,0.0,-0.20241542075331895,-0.2304104809501582,-0.1749994870622533
2014-05-01,0.0,0.19731377407092104,-0.6247471663431116,0.20290869331298877
2014-06-01,0.0,0.2164967602783106,-0.2866285006054975,0.20668122640720532
2014-07-01,0.0,0.1237494303798623,-0.08387994312370156,0.1726780436264213
2014-08-01,0.0,0.20290949514019924,-0.7122589212339606,0.11138755623597286
2014-09-01,0.0,0.13788923455758656,0.04261422289859762,0.1264716192199257
2014-10-01,0.0,0.28713984195409725,0.11476516945770868,0.31910867956904876
2014-11-01,0.0,0.4994704289598591,0.0655050681858722,0.4702557461957682
2014-12-01,0.0,0.3637321992618874,0.0973647769590236,0.41277821845783624
2015-01-01,0.0,0.5149011834961257,-0.16743529584916708,0.5718433977090153
2015-02-01,0.0,0.5375243478373781,-0.09296382285386014,0.654335196592443
2015-03-01,0.0,0.2890234097474329,0.38821398648434424,0.5060087842636191
2015-04-01,0.0,0.22345423406980927,0.2743188234713226,0.41436844572685205
2015-05-01,0.0,0.6543088447659936,-0.48289928332808874,0.711287754417239
2015-06-01,0.0,0.29284418589594663,0.3637520782957024,0.3868091582021684
2015-07-01,0.0,0.5263270680272996,-0.04155082587472814,0.5982007699670956
2015-08-01,0.0,0.3112831886305016,0.14322103409960374,0.3321413885117269
2015-09-01,0.0,-0.07538911134025046,0.5674073729958542,-0.08749490472606655
2015-10-01,0.0,-0.28135677321152314,0.5878196787249282,-0.43134730584398706
2015-11-01,0.0,-0.4110683185336865,0.6888324489929665,-0.4723525684458602
2015-12-01,0.0,-0.3271039053515212,0.03260189145917658,-0.42433791159795
2016-01-01,0.0,-0.36672857571894246,0.2088091520357069,-0.43635019479832715
2016-02-01,0.0,-0.5288501898806014,1.2956067105712994,-0.5519323777587264
2016-03-01,0.0,-0.4430721423240884,1.227855346228224,-0.6147639246249127
2016-04-01,0.0,-0.26656648044498077,0.9282023365095625,-0.32651696237746064
2016-05-01,0.0,-0.10286446855282703,0.6119303775435919,-0.18002672839066855
2016-06-01,0.0,0.05748215305449276,0.15742972714797704,0.03978492032944063
2016-07-01,0.0,-0.09571244029808298,-0.12240954169273219,-0.1697811474438275
2016-08-01,0.0,0.041990438079281496,-0.1585533769912847,-0.039844726984339725
2016-09-01,0.0,-0.17042319725565025,-0.05428629808073981,-0.223801109539904
2016-10-01,0.0,-0.36519972316241267,0.3341098077490896,-0.37272264950349215
2016-11-01,0.0,-0.2301062774556556,-0.050667340883560175,-0.4006734341395223
2016-12-01,0.0,-0.2889381770368371,0.028894436855752242,-0.28609143722624836
2017-01-01,0.0,0.03916060228865191,-0.788238958442128,0.09072541909085867
2017-02-01,0.0,-0.03465140491185235,-0.7601591196138828,0.08756253878887171
2017-03-01,0.0,0.10193996961840841,-0.9014188226867729,0.10428266338878903
2017-04-01,0.0,-0.06028633350523959,-0.4772616527672772,-0.0034282497002931494
2017-05-01,0.0,-0.23342541915791507,-0.19177163395528024,-0.1757321900366164
2017-06-01,0.0,-0.3333991510035274,-0.4180684469571695,-0.3035464126570873
2017-07-01,0.0,-0.19925180662534847,-0.28640604604311626,-0.2241387846575995
2017-08-01,0.0,-0.22876798335925663,-0.12787877003754256,-0.25783600343846175
2017-09-01,0.0,-0.29752285050974425,-0.19048099031001842,-0.3022653612469377
2017-10-01,0.0,-0.11034636844830012,0.1025128887295249,-0.15953458582295602
2017-11-01,0.0,0.4053807738176517,-0.3060818437311838,0.42183535483624396
2017-12-01,0.0,0.3714697260622335,-0.464130152968635,0.3551829280418135
2018-01-01,0.0,0.15983232221217286,-0.2238557788850759,0.20582987639445233
2018-02-01,0.0,0.49220857375997007,-1.2099575639817395,0.44197654583213397
2018-03-01,0.0,0.2800484025790753,-1.3071431893943937,0.2973803611905291
2018-04-01,0.0,0.18095934119745438,-1.1206893870012375,0.14750114253330598
2018-05-01,0.0,0.05795183198908039,-0.49841277437097964,0.09136356253512665
2018-06-01,0.0,0.2813152148336799,-0.6381031664517233,0.2182191571217125
2018-07-01,0.0,-0.042432072191887396,-0.16656171527996144,-0.0020809724996846413
2018-08-01,0.0,0.07514027200556436,-0.4656733060634843,0.08067560254351411
2018-09-01,0.0,0.2681645440833805,-0.873073736643075,0.20220073357942178
2018-10-01,0.0,0.31991712800846517,-0.8028967168198181,0.34886735254997414
2018-11-01,0.0,-0.014928855681140343,0.0633669469497904,0.11024015794884226
2018-12-01,0.0,-0.17994621892615373,0.18252493113456517,-0.14771088454789186
2019-01-01,0.0,-0.5035423580810637,1.6520969223952449,-0.3865230171681009
2019-02-01,0.0,-0.31678511740437687,1.3662151643187725,-0.40730159851340986
2019-03-01,0.0,-0.22669517349472446,1.3105439452837067,-0.14610103702257227
2019-04-01,0.0,0.08296285257186312,0.7516794642896151,0.17292812889078518
2019-05-01,0.0,0.2913245904727451,0.06975483310570002,0.33637174996924996
2019-06-01,0.0,0.10177853381522753,0.4651869301450526,0.20293426932155106
2019-07-01,0.0,0.21970053221163985,0.7646483333054849,0.2779555804784335
2019-08-01,0.0,0.31231546003672905,0.4135414204108211,0.39335820867312266
2019-09-01,0.0,0.26863788731464344,0.8437219047230194,0.1414736396496612
2019-10-01,0.0,0.40936861220750964,1.0456916741710522,0.38339177080098563
2019-11-01,0.0,0.5092562284695877,0.7749846815915885,0.48762850419542525
2019-12-01,0.0,0.8243234178650053,0.54396796819148,0.8326549600558389
2020-01-01,0.0,1.4566786795214957,-0.0589689211139057,1.3837023716153682
2020-02-01,0.0,1.5581309085090786,0.16158224224675974,1.4643528475445904
2020-03-01,1.0,1.317973695801517,1.659523009364683,1.3357635960981549
2020-04-01,1.0,-0.39120785457202245,6.286895400293447,-0.5807237618028037
2020-05-01,0.0,-0.9413203033331242,7.788778905990714,-1.1733479935626447
2020-06-01,0.0,-0.4487931721642776,7.539227989801226,-0.6623984821534438
2020-07-01,0.0,0.2202616843327299,6.411190747102211,0.012413031262145713
2020-08-01,0.0,0.5502956929038145,4.817870334832508,0.13742819587571695
2020-09-01,0.0,-2.5087345824273717,-7.695232825803007,-1.7130439208200703
2020-10-01,0.0,-3.9043534905432926,-12.35581850611117,-2.3245987897224034
2020-11-01,0.0,-3.2247494398862413,-9.248540465014482,-3.3661104780956035
2020-12-01,0.0,-2.1954300921091434,-7.248437860399552,-2.5818655472915997
2021-01-01,0.0,-0.896889501973012,-4.475265792649301,-1.0144385845957393
2021-02-01,0.0,-0.1771409688986771,-1.455865039671789,-0.3101505815086772
2021-03-01,0.0,-0.26927591007360036,0.44568281914125796,-0.2477768390045468
2021-04-01,0.0,0.5654273300442256,-1.0219087423971809,0.4544481053188624
2021-05-01,0.0,0.6597629518553838,-0.9856334607873211,0.785565662520394
2021-06-01,0.0,0.5430015249354522,-0.9905152962823388,0.6111303805755733
2021-07-01,0.0,0.8943444496450055,-1.198871040729709,1.0386467526180663
2021-08-01,0.0,0.7917230389706307,-0.7817887762262385,0.9438794675476219
2021-09-01,0.0,0.2800199011585731,-1.562402305493453,0.11161406020171877
2021-10-01,0.0,0.3872642180336544,-0.14452291292952402,0.4481679154278191
2021-11-01,0.0,0.786202665476444,-1.0595336725321765,0.7819624144133128
2021-12-01,0.0,1.0327730231710206,-0.628011751588882,0.939570107540879
2022-01-01,0.0,1.471378850737901,-1.0513637924130834,1.3499000135177592
2022-02-01,0.0,1.3037585007654298,0.06968596847628894,1.2052110478680758
2022-03-01,0.0,0.9480712942140468,0.5481629720739412,0.7414001549775927
2022-04-01,0.0,0.9099076989793337,0.27189938342618447,0.541204500204609
2022-05-01,0.0,0.926255948469937,0.5544911369112318,0.7397024716723783
2022-06-01,0.0,0.14178649920710504,1.8922208602073198,0.034197636572536334
2022-07-01,0.0,-0.5004232389684371,2.69954750666971,-0.6290478662697508
2022-08-01,0.0,-0.3156440581610681,2.3230396993436697,-0.45644381502449105
2022-09-01,0.0,0.007910980011242852,1.824552963623116,-0.10473483962083288
2022-10-01,0.0,-0.47022105332078257,2.8220934638159756,-0.43345677967850527
2022-11-01,0.0,-0.31748605634364113,1.9915676263659456,-0.30523094790818206
2022-12-01,0.0,-0.09931182905922722,1.4672904547823327,-0.14084989323703728
2023-01-01,0.0,-0.6520767656408452,1.701537503178488,-0.47611683544947414
2023-02-01,0.0,-0.2496286507606733,0.6048833530293513,-0.08450216434895133
2023-03-01,0.0,-0.2436194862369756,0.43760265417191546,-0.062103851892600676
2023-04-01,0.0,-0.2759351433566506,0.8829193779733643,-0.21368481268033335
2023-05-01,0.0,-0.28162253041912044,0.8343439938796224,-0.20511797985740662
2023-06-01,0.0,-0.27040027783280296,0.3385189269322292,-0.47258645628053875
2023-07-01,0.0,-0.2935652349590797,-0.6860794591865131,-0.3605453249872499
2023-08-01,0.0,0.26747731235002803,-1.2815784687140508,0.2920771291413421
2023-09-01,0.0,-0.1593594630942081,-0.17120923384974096,-0.04344266961934968
2023-10-01,0.0,-0.5538713927494558,0.4103596772260116,-0.4089714227690644
2023-11-01,0.0,-0.8670655524233217,1.2439689272357584,-0.7609876539787988
2023-12-01,0.0,-0.34574075180169594,0.1438500479680116,-0.43266197425356645
2024-01-01,0.0,-0.08869485898850062,-1.1497305107364992,-0.10417814251890622
2024-02-01,0.0,0.13823387402498732,-0.8456302293782784,0.32493827960586247
2024-03-01,0.0,0.6051033835585229,-1.758797873012617,0.598978409061374
2024-04-01,0.0,0.44463956036994423,-0.937842118465732,0.6246179579780863
2024-05-01,0.0,-0.1190070769643541,-0.6966414211900601,0.043395220474900784
2024-06-01,0.0,-0.18638768358153393,-0.12951926584081147,-0.09652534977826534
2024-07-01,0.0,-0.08936383189160588,-0.2777205261277628,-0.06423868355505766
2024-08-01,0.0,-0.37254405856383355,-0.15661784636640047,-0.4355209056331405
2024-09-01,0.0,0.14898365861166857,0.08986718186086078,-0.014032603642626318
2024-10-01,0.0,0.12928847889530964,0.09921392216531041,0.03054981516438629
2024-11-01,0.0,-0.08467188114608003,0.043025414727823466,-0.12756664753058114
2024-12-01,0.0,0.2984305684533117,-0.28702365737709323,0.3280848175473279
