,recession_indicator,unemployment_rate,housing_starts,consumer_sentiment,industrial_production,jobless_claims,yield_spread,credit_spread,sp500
1986-01-01,0.0,,,,,,,,
1986-02-01,0.0,,0.6719859032845716,-0.11542293869129236,,,,-1.593114008533758,-0.16061645117803466
1986-03-01,0.0,,-0.5898179243154561,0.015832872213463096,,,,-0.9904284036833906,-0.04381035639438303
1986-04-01,0.0,,-0.03579840414062417,-0.08783298399988396,,,,0.09187075470501793,0.041884847558426155
1986-05-01,0.0,,0.8642698805812555,0.21453393588234487,,,,0.7248643569049383,-0.023901982628413376
1986-06-01,0.0,-0.8894042110218913,0.13877800854268157,-0.01692445455242184,,,,-0.3003617208499089,0.060869628207316076
1986-07-01,0.0,-0.02622625079147245,0.2725424518247988,1.0122730587743787,,-0.10585234729294712,,-0.37390263540319524,0.06371342402042313
1986-08-01,0.0,0.05461563703084977,-0.28845868907535566,0.7385513116549859,1.056450563149477,-0.0789005077330236,,0.7720771526569368,-0.11277765225074006
1986-09-01,0.0,-0.01999271848431866,0.22339582251810483,0.20806185929784965,0.6048551876839612,-0.008562362557939662,,1.3611916909172492,0.02271568584624309
1986-10-01,0.0,0.2202219869524878,-1.0005477454551863,-0.366665196907116,0.15020356451957526,0.027349694949994435,,0.5457301075923644,-0.2205916095825846
1986-11-01,0.0,0.3060752130318135,-0.8662918958103009,0.4871915312981014,0.07169719713750361,0.04275117076932011,,0.8155337887443258,-0.12464772635124552
1986-12-01,0.0,0.08140156071835833,-1.3575257565206202,-0.35037816460561283,-0.007643322848867045,-0.017674954517958814,1.5332042564889727,0.9161328400563334,-0.10099048869520984
1987-01-01,0.0,0.016157894000656887,1.3498020738273917,-0.7870990992111998,-0.3333036758554385,-0.043736212200937374,-0.0844487802424552,1.1767073238364134,-0.19741029005782623
1987-02-01,0.0,0.2670934208758032,0.8403247298996324,-0.46088603919843685,-0.20028501458750905,0.1916627090029138,-1.0116604429611804,0.5477317213401439,0.09266166658210846
1987-03-01,0.0,0.36463369062515927,1.1531798884465678,-0.46185079966692305,-0.4417501422254924,0.1504025133087275,-0.9020927007711347,-0.1533473304726045,0.16969684929839324
1987-04-01,0.0,0.30877248916602534,0.651219588998655,-0.29894971670052983,-0.49588508774649304,0.10813046982411137,-0.8034461180931285,-0.1776877819550057,0.2234755548119336
1987-05-01,0.0,-0.05730268364894158,-0.49913049671479903,0.1559772840274603,-0.4817729476328022,0.028688390819052716,-1.0281367118774578,-1.2176503597325536,0.17314229210208126
1987-06-01,0.0,0.04887302927515892,-0.14832279954912977,-0.18641805848533344,-0.486001078952074,0.02275179067436207,-1.0115748716736002,-1.511198858016421,0.17613281387108518
1987-07-01,0.0,0.15717317914654494,-0.37643293849267734,-0.0870064998100916,-0.2533506963371673,-0.020220713953114543,-0.11346107043946423,-0.652369127113936,0.302460731911437
1987-08-01,0.0,0.2671759415541208,-0.4315380983197957,0.39031024361023986,-0.607202797173418,0.013318385197169323,1.0758632944667335,-0.408748647389676,0.4395041803663927
1987-09-01,0.0,-0.09137391117416548,0.09199969605823943,0.5407926349729817,-0.22071992485397623,-0.04356267300825664,1.2158767471144671,-0.6997755395850187,0.544775663968409
1987-10-01,0.0,0.020306918398119902,1.3252618363298787,0.3644386129375231,-0.364950622021159,-0.01124279050878104,0.292595519940765,-1.1308012801737093,0.4638050408293612
1987-11-01,0.0,-0.024725063678052384,-0.6753263289611252,-0.5663533455150066,-0.29212417920307837,-0.019364977845658233,-0.42684293849121047,-0.3232456536275608,-0.2285515162220144
1987-12-01,0.0,-0.07053409313573948,1.150833017885437,-1.9103418982300349,-0.22157317163767917,-0.04509765917470366,-0.40454515134984775,0.7107566079862674,-0.44082192532940906
1988-01-01,0.0,-0.11774734255119124,-1.776441086372178,-1.1468982541768173,-0.2040910458765365,-0.043816075591812165,-0.48860350820590803,0.5792868815627147,-0.27551758739692805
1988-02-01,0.0,-0.16694790069245108,-3.197428961178926,-0.3258973478493663,-0.11015611475328316,0.0017853619084313207,-0.6741358712424835,1.0381798093131975,-0.17839525500538375
1988-03-01,0.0,0.09451151577751934,-0.6749708375942914,-0.19334983017450388,0.018888752021221436,-0.0610948082211281,0.14109188817781285,1.156443391548345,-0.07541214049630929
1988-04-01,0.0,-0.11666619742227002,0.12869023709484598,0.4062508587156592,-0.01404812952618996,-0.09557080006023397,-0.5999096857666388,0.5628620775703544,-0.16887023289237862
1988-05-01,0.0,-0.17463170419821755,0.7091657042151444,-0.36229814163704027,0.40033207383582337,-0.05135893922969971,-0.7189183037680795,0.6006580321519163,-0.1524595117003393
1988-06-01,0.0,-0.07977631211532003,-1.0227042268925937,0.3654225306180911,0.42624995685236167,0.017092984646186037,0.14318319514113814,-0.040685248673538205,-0.15464638930116495
1988-07-01,0.0,0.01103942606856142,-0.26196726898906314,0.30555800497924446,0.496180223949248,0.10788588515662462,0.18292412755961535,0.5064720986046826,-0.05589137360509365
1988-08-01,0.0,0.09758320779864413,-0.31638212335659616,-0.006049300679713953,0.2966266584424359,0.034454837209754174,0.5723351980930041,0.5377822100703806,-0.08669628671752314
1988-09-01,0.0,-0.29011933914514465,0.07096252434724973,0.820774990324815,0.358360980159481,-0.02270030982806604,0.8571906820503666,0.29580859553832817,-0.20956564773904127
1988-10-01,0.0,0.10025871360019425,0.13779990962761424,0.7794803785521073,0.308770164277799,0.015495731374783406,1.1731767568876519,0.28583214601379253,-0.12906212676297704
1988-11-01,0.0,-0.1406070111512852,0.579593175317573,0.08476300485584433,0.4327897694933582,0.02750448831547528,1.1088621084386292,-0.6504815094081595,-0.08425840363287601
1988-12-01,0.0,-0.07342770216161577,1.2313935471656638,-0.1519190859559018,0.1879950109686207,0.004071371394940401,0.7970746787020819,-0.8831467432566941,-0.163818325058035
1989-01-01,0.0,0.3017029911411826,1.258747722409452,-0.3786651778802603,0.19501201583375416,0.07048327239240647,0.9511096571698434,-0.7312267176487908,-0.1539207630648942
1989-02-01,0.0,0.04526697159497134,2.0608900430191635,0.9219231394088464,0.0793845598377922,0.03765095121944058,1.5017322059511309,-0.5796262053541047,0.009425996538216819
1989-03-01,0.0,0.09649825776408756,-0.16153352721360845,0.41806329967963696,0.21343703415513074,-0.013231480893491514,1.8555707216738955,-0.9446108678735377,-0.10877425220225685
1989-04-01,0.0,-0.014602933716324075,-0.06820353927558397,0.22498022982622107,-0.04021589861656319,-0.07964734437542852,1.9323547599041953,-1.3433534626830654,-0.08353474719847091
1989-05-01,0.0,0.024795252417737546,-0.9219575071093976,-0.31956196364879497,0.08206799943167598,-0.08888821014493356,1.2382235865664526,-0.8784861416135438,0.0278072482209222
1989-06-01,0.0,0.21437701824785396,-0.8714314419405644,-0.425250801529629,0.12273218156377494,-0.08266754526107975,0.9474128415744093,-0.301728117782589,0.10090163614773634
1989-07-01,0.0,-0.07250249120913323,0.07127565214174711,-0.3697277440767664,0.27810782192015066,-0.10820953763850699,0.5365614588601713,0.2204721209424574,0.04219855897861586
1989-08-01,0.0,-0.366573386516825,0.5921717581527461,0.018256069795766675,0.3659666092566607,-0.051264704355758105,0.26395886833819443,0.5546990011588815,0.2873903232010189
1989-09-01,0.0,-0.0419420741738238,-0.37185133213382193,-0.39296689114434086,0.09672686487318741,0.024363236888617832,0.21269628968037174,0.2311721255981201,0.3098311004345772
1989-10-01,0.0,-0.038269752392108274,-0.8253357844582393,1.046188408417507,0.17961617780278563,-0.03948207094169806,-0.20060350202101432,0.06916097419354589,0.2585749388224346
1989-11-01,0.0,0.1140141044846513,0.9286844091394841,0.7688982737082786,0.13867698573269593,0.005849959137005489,-1.2831534951889492,0.3121132842190234,0.1453912925952723
1989-12-01,0.0,-0.054966399339934954,0.42202291447383133,0.270733517634453,-0.17055882595229332,0.029317763295936078,-1.5165854050529655,0.7542391912358527,0.17676022246186104
1990-01-01,0.0,-0.07568807842959374,-0.564776068038586,0.34180297231710016,-0.19621856615591174,0.05185965712434993,-1.8609863736860115,0.8731816563618251,0.22769823870034087
1990-02-01,0.0,0.05167143662755596,3.237666943602643,1.0457017687503707,-0.6898083667569972,-0.002893191161716787,-2.2382978812320995,0.010578880122687847,-0.03302103658704245
1990-03-01,0.0,0.013825040276424552,2.1031279006486776,0.4804086661762084,-0.2254174652556737,-0.017248402088472174,-1.8443309147348859,-0.25720923308804367,-0.02442958825057734
1990-04-01,0.0,0.12376689234601079,0.5704285988498651,1.058589669673376,-0.3914682430952111,0.091880496143755,-1.136939221769648,-0.47916742131668666,0.03689432710103967
1990-05-01,0.0,0.06816895198315326,0.3212727078838063,1.8172449452811106,-0.4666107439436188,-0.0602184393136921,-0.8942913951440319,-0.8723361228729964,-0.07094472368007385
1990-06-01,0.0,0.0033609940509637956,0.13340783107780319,1.3227254275855194,-0.3069976353122127,0.004216189351621612,0.7680991349709922,-0.45719164569417603,0.2122924151605298
1990-07-01,0.0,-0.2275265921984226,-0.044620228824628135,1.045624243795545,-0.04035223945712179,0.006453906256187304,-0.3335447162695124,-0.21420445700643528,0.16317762484167606
1990-08-01,1.0,-0.4682087381181615,0.11801796975494175,1.238012638825839,-0.2914488357523609,-0.03359559230430681,-0.6452377342784099,-0.32413420127442616,0.1267415240791663
1990-09-01,1.0,-0.24910139092529773,-0.3263599628383113,-1.0745157279859747,0.1593782179588825,-0.12434204765898027,-0.0933985199470837,-0.5993570368411203,-0.22411759931399508
1990-10-01,1.0,-0.3529549874395155,-0.17469569713770233,-1.646422175045636,0.41450174846641263,-0.07257820836594983,0.06910706031436835,-0.37249379319143605,-0.4080513681389051
1990-11-01,1.0,-0.7794723260711928,-1.1273264771757843,-3.3667629353285013,0.2955438589948764,-0.1329833201498579,-0.14245383543208442,0.5268201078619011,-0.45144489876819166
1990-12-01,1.0,-0.43208687830759335,0.6120455320600301,-2.757369380357464,0.4642127648898612,-0.1277158243723735,0.011843407332163216,1.1703486330438,-0.29716605422494957
1991-01-01,1.0,-0.2492640155361182,-1.3400991290384279,-2.7255275757279773,0.6559112046029407,-0.1348997432178028,-0.2635020746607045,1.5781349849996142,-0.2463343028301097
1991-02-01,1.0,-0.07315032478926263,-3.258834390879619,-2.331447034640042,0.5951296672447599,-0.08059574083770978,-1.166787332522058,1.54042343363249,-0.14139438895464088
1991-03-01,1.0,-0.21547177311379392,-1.1674682658752211,-1.4667936748075834,0.8012497105154059,-0.061882652641684924,-0.9289188792459694,1.0214515580829309,0.054765427126083344
1991-04-01,0.0,0.10814012145248196,-1.6262629486703675,2.306798731685841,0.8394468329034889,0.06210885373912924,-0.9422473848735876,0.2073449932285394,0.10140644202403247
1991-05-01,0.0,0.11640461065000401,-0.6318620738456775,1.1102487481072658,0.5817982020587492,0.14066232801744083,-1.1851043957403689,-0.07015742185785812,0.06769584002563403
1991-06-01,0.0,0.12402208869926722,-0.6801321800378438,0.41495400981061903,-0.017962031516509738,0.15733916155643618,-0.613978994191667,-0.4482881092143005,0.17523763791524008
1991-07-01,0.0,0.28904180693111464,-0.21584428742332776,1.2694620706696178,-0.3470136057972887,0.06294121184114074,0.8706048391372576,-0.8615438093023323,-0.045102922002964105
1991-08-01,0.0,0.4562787228549732,0.07024943139899595,1.4748739945631029,-0.4784102604901662,0.2595243783189494,1.0949662570222014,-1.0658873240363314,0.08325690216076155
1991-09-01,0.0,0.15721036283493744,-0.1539992134313465,1.3096139360079413,-0.8182677358746329,0.31585790813979736,0.8447844241058347,-0.6616190449223711,0.1225097256076049
1991-10-01,0.0,0.33223458910527187,-0.6352828202401382,1.542534939498039,-1.0853195547676173,0.1531603288877664,0.20948508356794213,-0.27456588516678554,0.011997513134083055
1991-11-01,0.0,0.19928871733552442,0.038852287678596,0.5490073296413625,-0.95673693685791,0.04748436011925627,-0.35875260296301886,0.04502010265235238,0.021963479867729094
1991-12-01,0.0,-0.08442724337497437,0.22232068895865742,-1.4166122016530824,-0.5115350813890649,-0.046120915060057985,0.23125938138441263,0.2724282223671744,-0.18311258679089748
1992-01-01,0.0,-0.04868105935923841,-0.17762130685796435,-1.62219358762511,-0.13713098798054393,-0.0978543834454741,-0.09359955889373857,0.7055606280713328,0.19610090782496808
1992-02-01,0.0,-0.16265806997114926,0.8611112316868578,-1.7996037015292765,-0.03110102856239967,-0.03214583836796795,-0.4280418839962129,0.4375288380947558,0.08044900042380028
1992-03-01,0.0,-0.11262123886250427,1.620686847421562,-1.5647512875348784,-0.07386968804289691,-0.06281026548803478,-0.4481480132718913,-0.29398777397650455,0.08643196904131382
1992-04-01,0.0,-0.21104542842335453,2.0555915955956987,-0.08379579790227164,0.2648265758184104,-0.06506777211357521,0.06537049721734525,-0.9349695798283019,-0.03442723411257099
1992-05-01,0.0,0.16913522727850497,-0.4377808355733626,0.10271570103973382,0.17547323243957447,0.053229170940290095,-0.14595905839259277,-0.8849303951025113,0.04576132423861208
1992-06-01,0.0,0.08933459748810217,0.808078701571284,0.4491832250672433,0.02512905034497178,0.11926562083934214,-0.43387668344289937,-0.8816641679740361,0.019522542536914315
1992-07-01,0.0,0.1766447420133578,-0.14520968102454396,0.6154444342612692,-0.29717224350306465,0.046833662313733336,-0.2994689916100552,-0.7438973283975833,-0.0810762415410285
1992-08-01,0.0,0.11863154649079698,-0.346497735146075,-0.2943836569786844,-0.6461241209686827,0.07806112230811274,-0.690703867845615,-0.07304587627818233,0.049018928258718626
1992-09-01,0.0,0.07248566361717833,0.5625271977136823,-0.5061845227656794,-0.39911760583770806,0.03442970171754679,-0.36079869318949687,0.15536738319671795,-0.07939254868030536
1992-10-01,0.0,0.35190199138069755,-0.046847996676874754,-0.7237741518593819,-0.08551972138491085,-0.0002866793814096017,0.46021311546149335,0.5892477418023743,-0.0692820702633689
1992-11-01,0.0,0.644216564197804,0.5136033421571392,-1.3302060679816583,0.17765812628261507,0.017006364619859566,1.1132345284040428,0.7412068526396189,-0.08695322909399464
1992-12-01,0.0,0.47996708773234653,0.02111075788341514,1.1159086872091948,0.2213856510447215,0.0463932826998358,0.8505121473001359,0.1682675614298109,0.0126555150346216
1993-01-01,0.0,0.32875897234350854,0.040406071368427984,2.2165425445834144,0.12011141696880608,0.18662077053293255,0.8118160776006896,0.01682497870348329,0.031138579874740065
1993-02-01,0.0,0.3467408689446596,-0.30138183514464656,1.7387697883255089,0.4525763510210153,0.039555893160552365,-0.7570164918015724,0.11196785249372605,0.03794688244057946
1993-03-01,0.0,-0.09303599594851551,-0.4432730129721638,1.0505098620849305,0.03217835588443554,0.11255797951236877,0.37708221562872934,0.3608900819874575,0.06102786112855524
1993-04-01,0.0,0.10462518122451446,-2.1063522928243343,0.7922509857150284,0.05961268956748662,-0.051456181646696124,0.3334558600875355,0.5089021673446439,0.12178669950526132
1993-05-01,0.0,0.15603867142580252,-0.16466803065580835,0.6211234379580771,0.2596393829257495,-0.10132007219022078,0.40888115137044073,0.548140927700289,-0.011457905394168803
1993-06-01,0.0,0.06034530491911059,-0.2928203913424143,-0.6180344452443813,0.30778403836114426,-0.18921997269420848,1.6368000846014483,0.621954235071289,0.06867617581281585
1993-07-01,0.0,-0.1834116122014334,-0.20729304493617703,-0.4704131400215901,0.24599279648445388,-0.13378630347397405,1.0920807842338396,0.4375298777372081,0.05458359157684607
1993-08-01,0.0,-0.26306970964129517,-0.6713738292440612,-1.5438652264092758,0.29212294100341996,-0.14728474543572503,1.6825247319655936,0.5784180460428163,0.014534000806642527
1993-09-01,0.0,-0.022930374856309953,-0.2735086048967402,-1.59653163393659,0.386425136108845,-0.06508467993232434,1.6169439166334063,-0.058950770190752795,0.1515832901415685
1993-10-01,0.0,0.06655586323424069,0.09212529440699598,-1.5900493734767716,0.183687772551148,-0.028124590631770644,0.6264282251115919,0.24602439443027763,0.09137070935788459
1993-11-01,0.0,0.004687977219349202,0.5352349020109654,-0.6905594652499228,0.16442710450307066,-0.06500871554123733,-0.25258588531621323,0.3320066557847404,0.16544672483964842
1993-12-01,0.0,-0.05269826771852693,0.20955212612659427,-1.1394917058438965,-0.19805983477732655,-0.053792251152828964,0.4200287062292966,0.28227846957247954,0.09233997408570863
1994-01-01,0.0,-0.1063484263906763,1.960705877756864,0.22701325627912894,-0.25272184574418977,-0.0012401472085943103,0.32944558218777803,0.2971645820027421,0.12491804200493305
1994-02-01,0.0,-0.15697511719105614,-1.2715014811313445,1.4036632129680133,-0.29031807967651624,-0.036783817004999046,-0.14797237006032182,0.3572196053603368,0.26077011326361177
1994-03-01,0.0,0.1079322892688583,-0.5966189671296032,1.0472793455226412,-0.5370781142301071,-0.03622532334308104,0.5776125246191444,0.09672549652240765,0.10302067697254269
1994-04-01,0.0,-0.09506619823013254,2.0269349351508557,0.5696420032499021,-0.45258052386781267,0.024705305096851534,0.4509008859998343,-0.2895673310583031,-0.12450408482945342
1994-05-01,0.0,-0.14027251851606018,0.769648563318576,0.6982586398154776,-0.2678887545739447,-0.01072429511261766,-0.5622293577417752,-0.5170495200488189,-0.09255425099323618
1994-06-01,0.0,0.12833563593294753,1.4390395532222855,0.6435024773340059,-0.232312193987912,-0.09209965670187224,-0.6133402895203179,-0.7982657855789875,-0.05918728782408599
1994-07-01,0.0,0.24055468293085722,-0.003806221922173659,0.21347637906420627,-0.13041497309179678,0.0875331096797417,-0.6072516708702085,-0.35467448883643143,-0.20546049533725558
1994-08-01,0.0,0.19583600054315348,0.32346438067903055,-0.3354944411880579,-0.19418249464429138,0.03896597754115902,-1.109203280391978,-0.41782959088944027,-0.09695961279223762
1994-09-01,0.0,0.15005901016649276,0.43626293907994235,0.17139396015121186,-0.3848543486346592,-0.020630761463884824,-1.0645753563393572,-0.3590878111228919,0.03890209412068439
1994-10-01,0.0,-0.21075443432679197,0.7156947944845496,0.06786645991035609,-0.06679347179578281,0.020371598830576494,-0.22034622478962684,-0.2447742261542503,-0.12666325614607296
1994-11-01,0.0,-0.10462753588975705,0.4313384755777401,0.27247268469519326,0.022589831910113434,0.09307370724108847,0.06629590412519683,-0.40585345631736314,-0.0762093448120409
1994-12-01,0.0,-0.002078896017972282,1.1704252528445482,-0.005326020551565685,0.04058074501710552,0.00029712063663187114,0.6288412770733487,-0.7226258471349488,-0.31102086642176663
1995-01-01,0.0,-0.06040494398108403,0.5170120828998772,0.7082471649763686,0.17567775621034284,0.009226251726763293,0.414771617053335,-0.9320052481900413,-0.31243808286690106
1995-02-01,0.0,-0.12374402972273106,-0.03826262078382911,1.216588226589289,0.016084618403429222,-0.02219696351675075,0.6921714079795733,-0.8777982283990627,-0.2649458480924286
1995-03-01,0.0,-0.1927751401045576,-1.1081021802973847,0.6644596681445016,0.15236750084845985,-0.05476936795584363,0.7122339354184689,-0.6129820548886029,-0.16596245463455248
1995-04-01,0.0,-0.42467831197761746,-1.8952076220291314,-0.3728104620995746,0.09625885202088069,-0.04394966736277416,0.036777369436247376,-0.22790789684170207,-0.1087442068350455
1995-05-01,0.0,-0.5067779277064137,-1.673281224516459,0.08965343555157843,0.3148273046087978,-0.07536479234856962,0.15009453280852866,-0.10798371402283442,-0.05014064842524637
1995-06-01,0.0,-0.2827113357184617,-1.112870173762175,-0.4920115752517094,0.47275214920801806,-0.10465376128784347,0.4697030292144763,-0.01184763585912151,0.04990443065203861
1995-07-01,0.0,-0.5352694882844303,-1.5167712297742655,0.12360395809552,0.82743765279122,-0.06151320562090051,0.25876572429676303,0.514932163156043,0.07305272459433082
1995-08-01,0.0,-0.48128274301021473,0.6164000640853793,0.4824053120985136,0.7081946739877982,-0.0481289037813648,0.6006290329844324,0.5881475497988357,0.15111897581868944
1995-09-01,0.0,0.19301791590449469,0.05427956237481916,0.8606294492284293,0.4319133412490092,-0.043464080739097084,0.6596822007167784,0.3780134345721916,0.05289284699777894
1995-10-01,0.0,-0.07723837412155352,-0.5376133997597636,-0.7089108693410664,0.3175169929883134,-0.002734704954881447,-0.0767177902074262,0.46903769548361485,0.17573862718346017
1995-11-01,0.0,-0.03863209172314042,-0.5729140762395197,-0.44727405435705603,0.012548918043758623,0.08716684823553303,-2.6536288432495927,0.34706367974886676,0.044358282543709104
1995-12-01,0.0,0.15309904837682312,0.37974168603045294,-0.8985451482382162,0.08616198014062204,0.06122908110596415,-2.1792063549201686,0.5041683593817734,0.17469403300258854
1996-01-01,0.0,0.18566308650475005,0.08745594967252672,-0.33391498430510724,0.06980828336997635,0.08037617988329893,-1.5492505566830574,0.5843504270520614,0.17091807300520323
1996-02-01,0.0,0.059829156097802094,0.4753347674370024,-0.7411875618089411,-0.3769297332313922,0.0022530273320058797,-1.0148816471822488,0.6902330159474933,0.2586513565706137
1996-03-01,0.0,-0.06717125882792523,0.7201665849884246,-0.9675864059673569,0.17011576955106783,0.026417226299771418,-0.5342218023478873,0.7374935490975109,0.18881829613897885
1996-04-01,0.0,0.11843432252909623,-0.12104692959123453,0.07603898028591952,0.19006695465243717,0.06999696815651807,-0.5594915965990892,0.5702997715569925,0.12257163235428284
1996-05-01,0.0,0.1475684129671922,0.9394566989755238,-0.21636784781332474,-0.13013583795278125,0.09560218939871139,-0.494856837990612,0.30705255920230434,0.08859318708828591
1996-06-01,0.0,0.17739306386507983,0.7596943312922709,-1.0114560558265908,-0.20154808354310974,0.03796769848318264,-0.18312891826782715,-0.0903702722571606,0.11292127076011158
1996-07-01,0.0,0.051821316327385,0.283643180195669,-0.47167513364918123,-0.23124359095625158,0.08346103190636578,-0.06925743932699736,-0.3137174461739258,0.0002937465650411443
1996-08-01,0.0,0.08439051081779288,0.3114180175418133,-0.09148184813653806,-0.8048127103219355,0.10260033709601789,-0.5850925930714319,-0.2900472439548438,-0.4350411191923522
1996-09-01,0.0,0.2754488194613028,1.2964362274757102,-0.08325377034132812,-0.20501811434706774,0.15171681389776667,-0.766223813458831,-0.08870152138362872,-0.45375806190030493
1996-10-01,0.0,0.31213489029766167,0.2864642973231062,-0.3388651954500761,-0.5356055267877513,0.026430613559641894,-0.24107707265435363,-0.15786138961371635,-0.24795389953344146
1996-11-01,0.0,-0.11858478414554358,-0.7366172227567283,-0.08788311230666096,-0.21926982043598012,-0.03775512071391528,-0.5477855390199466,-0.06178526909759645,-0.21962536720461065
1996-12-01,0.0,0.23584510443278978,0.3881277172390338,0.3508205419745602,-0.05397149968983252,-0.04083144029805476,0.1979045110828613,0.11834677996395312,0.13717945308048304
1997-01-01,0.0,-0.3469354303280567,-1.0724597533861757,-0.2815464685946857,0.11390411176294896,-0.057305495442149766,1.363183517566329,0.1537118728625545,-0.18312170962372598
1997-02-01,0.0,-0.14470919780317684,-1.2963190410829615,-0.31725459881372287,-0.17416391533184053,-0.07332453695316415,0.5154449532394311,-0.08781881537885902,0.10101483500037964
1997-03-01,0.0,-0.0968748028596278,0.21746725983270165,0.03165121142277154,-0.1723155433947955,-0.010866819854263606,0.2483553815910138,-0.06980409837473707,-0.022087543304783474
1997-04-01,0.0,0.26646510295610076,-0.18761457423619016,-0.04484174644960136,-0.10878169739238545,-0.01935605079792076,0.6732861882667133,-0.19131154318128296,-0.5284703960356602
1997-05-01,0.0,0.3192196847933447,0.16473956378084387,0.11728609566848928,-0.4149433956288176,-0.02216993720588441,0.5444346799380837,-0.3292790286464819,-0.26936973833721267
1997-06-01,0.0,0.2180235171520716,-0.5060145220008275,0.37028554603321656,-0.18724108973693074,0.07039455900110662,0.45752484068107385,-0.2140692843663229,0.013063984118002098
1997-07-01,0.0,0.11931166222925137,0.03432970696500032,0.5236079624628364,-0.13290349527196632,0.009963568908313616,0.5268126360116128,-0.12766054042383101,0.19317274483676206
1997-08-01,0.0,0.1793829175236308,-0.7353947471455317,0.9632762537892301,-0.38129501061283766,-0.06877577789950604,0.51063263786553,-0.16828323275388005,0.6904006082259645
1997-09-01,0.0,0.0847263407210775,-1.393216457576696,0.2804879154858079,0.006824044219720525,-0.06599230698619009,0.6560997499716749,-0.24897607786463424,-0.03858294703301987
1997-10-01,0.0,-0.16512434480000157,0.367519354955834,0.5266562722468058,0.04816886583731055,-0.020242722728776953,0.1196713324561856,-0.3571285845540539,0.2451448274434649
1997-11-01,0.0,0.05562519040782427,-0.052166045776554724,0.35629068688205245,-0.23823713031303223,-0.027157316178094686,0.2615391198159096,-0.2998558224608947,-0.26685858469033796
1997-12-01,0.0,-0.03633303156445788,-0.2852319731239449,0.623967913380504,-0.2507815450998755,-0.010767219086866191,0.5689565440759583,-0.37611500990644603,-0.054348840282036986
1998-01-01,0.0,-0.12829302431391304,0.2669474017189456,-0.5290682868351628,-0.32252918665276786,-0.02843520157154471,0.39530492759146957,-0.557970406883286,-0.09677987042106993
1998-02-01,0.0,0.09247390670712749,-0.3419542908766305,0.37880419622957157,-0.14059539598887058,0.02705085537625306,0.23600985720030138,-0.20174852187123596,-0.19070264443287352
1998-03-01,0.0,-0.1572720908694405,0.2431986980397067,1.1469606387056634,0.14209066077242086,-0.038384096525385894,0.14849323168142653,-0.2105780657982405,0.3001984437361097
1998-04-01,0.0,-0.2516231555314552,-0.07920972321387555,0.2795209834657754,0.3797957223883174,-0.057266085193449445,0.22386503321202444,-0.36017499056937297,0.6271161095436592
1998-05-01,0.0,-0.03430830073394,-0.5192970663647578,0.7234075723100871,0.6089508753893357,-0.028843416092381866,0.14630406257261228,-0.41143185786523784,0.5358886197999159
1998-06-01,0.0,-0.13179122549968772,-0.6814473251279679,0.23414123110492088,0.7841272556123559,-0.02953043120178934,-0.09539432343566108,-0.7011606306965888,0.13978193951192067
1998-07-01,0.0,-0.07446545610756253,0.46357544221840397,0.02760853286332627,0.7294943110728525,0.014566006280274916,0.14967112099535343,-0.8563120160395541,0.3754682372056444
1998-08-01,0.0,0.13762268065552552,1.0418335334984528,-0.06905005308569336,0.6924979472538279,0.009401162070319916,0.08833896295174033,-0.8181842355481885,0.05578382657255339
1998-09-01,0.0,-0.4349969411352405,-0.05616645065640788,-0.25007438606024474,0.47871131511127696,-0.004520130185574663,-0.15040507511953458,-0.5623451772600732,-1.748783188201455
1998-10-01,0.0,-0.22662622145216682,-0.523163825679612,-1.0087441954922391,0.1873396600083548,-0.018402484493051145,-0.5217073012400167,0.9408636537573182,-1.3515755553695359
1998-11-01,0.0,-0.01997103729928506,0.9922196502036983,-1.7700292486187543,0.11080322782793606,-0.01183111380371027,-0.7661519865004243,2.0823772744046622,-0.7394615774966848
1998-12-01,0.0,0.028717935739767646,0.2734694859132482,-0.655121375396376,0.25524695966086536,0.12371263827644555,-0.22379660537633939,1.4953921715824843,-0.2928656534805985
1999-01-01,0.0,0.07635928399565219,1.802300729180158,-1.1462375393330306,-0.45008048489561003,0.10566343150745378,-0.29509373913032183,1.642668471818137,0.16106637528862996
1999-02-01,0.0,0.2798536450891955,1.2419181398611845,-0.44444169874021205,-1.0027806464239482,0.013428556398827413,-0.5696343426231719,1.5101985571790306,0.4677520247604561
1999-03-01,0.0,0.1697403720567497,0.2886295541799199,0.4259284633139816,0.10577440892178097,-0.021376144307571232,-0.5666531806908117,0.8472483671299141,-0.12702614687898445
1999-04-01,0.0,0.0592758594464606,0.7574563028754585,-0.11462686634264951,-0.21605447741788839,0.0176590675533357,-0.5793649935088275,0.49147476409831437,0.1665341232346769
1999-05-01,0.0,0.10503202406594693,-1.1169293563659395,-0.37732348911905966,-0.02732565204007396,0.051120538462243244,-0.9319976049170581,0.4235456860213698,0.474985618308584
1999-06-01,0.0,-0.00619143471330957,-0.41342786928983916,0.06627310983708735,-0.35859931192189026,0.05863450584372773,-0.7567571671590171,0.006185321794200711,-0.019320153765164685
1999-07-01,0.0,0.19523148750510894,-1.0166320009044711,0.14941814057387007,-0.3203712110018211,0.11563200856040365,-0.3748575357972564,-0.253187593178742,0.5253470931797624
1999-08-01,0.0,-0.07369645529964945,0.3226585693697059,-0.14788401516481142,-0.2919763546311584,0.0037048715998056246,-0.010560651952748785,-0.14400834772649906,-0.05369506000865024
1999-09-01,0.0,0.12626776125981953,0.1031118826726787,-0.48255011563371636,-0.13550003244683334,0.017196076737870915,1.4770431809206899,0.02714590920977872,-0.2688277073805245
1999-10-01,0.0,0.01205093176754045,-0.014850928615156921,0.08676156121586659,-0.24019718678824584,0.052094539142777875,0.7788261905744875,0.24202956006748136,-0.7619751578417662
1999-11-01,0.0,0.20970644352870263,-0.2946572400221392,-0.7668558857979165,-0.3374655133433053,0.025191458385787728,0.09255906936866677,0.13676921601226216,-0.07721695260128865
1999-12-01,0.0,0.2492314219601802,0.2310186962888751,0.09858318456943574,-0.14441638458658124,-0.005903541380107937,-0.020474189902041542,-0.40994360023065446,0.08644076622806984
2000-01-01,0.0,0.1302270959756252,1.0002187140126302,-0.26293219601913026,-0.446870598403221,0.01809750333260615,0.10198945275726637,-1.1522895306007377,0.8031032376622028
2000-02-01,0.0,0.16529570486595485,0.1961984799530542,1.1841859175487877,-0.2747947366415674,-0.0136481898750062,0.4291097289119689,-2.0261255024451406,0.005053935867600996
2000-03-01,0.0,0.04064453595512198,1.4622675104463727,1.0881308821009676,-0.21757015056078918,-0.017901090798004803,0.6203589685409816,-1.7710853300722504,-0.312833379000983
2000-04-01,0.0,0.06869112678351566,-0.06605346894924789,0.2621552345105238,-0.7258397387731313,-0.013542202872554442,1.0558693462813664,-0.6890917419862579,0.9708868772933693
2000-05-01,0.0,-0.06448594797543117,0.2572219410229789,0.8006158286935079,-0.059079288483082804,-0.057437225263698315,1.0990651625710817,0.2368973469366949,0.5138647543783859
2000-06-01,0.0,-0.04653748557053597,-0.2943926568373867,1.2300724280945763,0.09977364495805262,-0.07745099756309626,0.9524843921176781,0.2971068924886919,0.21919273186715055
2000-07-01,0.0,0.12176924045088083,-0.4326907267857353,0.4397566576046708,0.48534822250996207,-0.036262189014643904,1.137568545914627,-0.07008362245133436,0.5958095357920971
2000-08-01,0.0,-0.03003912755400194,-1.5339018994371034,0.992579956867321,0.22938979332566406,-0.019685169699010283,1.1699373064054772,-0.5043225484773507,0.4229563907181774
2000-09-01,0.0,-0.34619849297130856,-0.5648156889794411,0.9435704483461473,0.32268992063749913,-0.12367614980482157,1.2179230124485576,-0.16787578610212145,1.363482287679823
2000-10-01,0.0,-0.04461242470046001,-0.9437063619713649,1.0175200562905682,0.47086031576167686,-0.15376463697274534,0.9004067731892567,0.09970398453505631,0.6646639789291112
2000-11-01,0.0,-0.06533040767071732,-0.4246837102373563,0.9986557476006738,0.820248636177162,-0.11990298076880303,0.9451324577538299,0.15318328478443038,0.716068821366933
2000-12-01,0.0,-0.09574692398193915,-0.39375438705450766,1.5891806916464135,0.9571307058969862,-0.09801670370550174,1.2241893175237446,-0.12405303018641389,-0.27585589848945513
2001-01-01,0.0,0.020205985762813187,-0.6235487581165595,-0.1624116387506069,0.9482998202542027,-0.10175930507866583,-0.28372943807972056,0.4850098279102761,-0.0701649369125287
2001-02-01,0.0,-0.3442358272520044,0.17700717821566048,-0.7356097945376435,0.791426437519855,-0.041383899987374226,-1.178369207459515,0.29569330399248667,0.5469618021137129
2001-03-01,0.0,-0.4066436305110839,0.45552243975559265,-1.395129241739575,0.6029074402021232,-0.12983701525289604,-1.9142325525489685,0.1825565619459108,-0.5224685654785455
2001-04-01,1.0,-0.4804222741630511,0.009728949718317031,-0.9911984057696961,0.9815919688809711,-0.15555026575747866,-1.783654365985331,0.6716045790823727,-1.1251474406034523
2001-05-01,1.0,-0.5655656760714749,0.6803476861290257,-1.449456313491425,0.7534964940481657,-0.02570200996933405,-1.9858323632891615,0.4344553805656162,-0.05543392815585446
2001-06-01,1.0,-0.19203232015458882,0.1140053097317502,-0.4863970498926417,0.8555090468620498,-0.0009529186088963806,-1.6724748459852292,-0.5314636818789744,0.20110254385299803
2001-07-01,1.0,-0.298632721855036,0.43776676470127523,-0.17567574583571188,0.7137894267697762,-0.06266575129728663,-2.4655079734943226,-0.6215230988955296,0.08725365515315887
2001-08-01,1.0,-0.2582734763354136,0.7913834080707433,-0.04843780965240109,0.4778639634693183,0.05585962733502018,-2.146864335952517,-0.5943343680511446,0.15551489506443708
2001-09-01,1.0,-0.2265664833471355,-0.4981969221545271,-0.08434339192885619,0.12677914092474488,0.10079470797657276,-1.9309366174903446,-0.2219843917523443,-0.41338465899775645
2001-10-01,1.0,-0.5155406117269089,-0.6236575018646691,-2.0147943813739744,0.11240621672095365,0.11570881634922277,-2.2133667031234854,1.0892515390770652,-1.132090101622884
2001-11-01,1.0,-0.3410343962033771,-0.959509501225747,-1.6962947907072614,-0.009394377681705575,0.07489284964514172,-2.3866172737764497,1.1381135806853515,-0.752855371882977
2001-12-01,0.0,-0.3277696686948159,-0.2988969280420283,-1.3289221604388675,-0.21585867242567616,0.059776702794103506,-0.32419339781215956,0.4400818813860315,0.2233598259213567
2002-01-01,0.0,-0.004206384565907528,-0.7920244798966452,-0.1849528028070636,-0.4605766273448066,0.03751379896354212,-0.5910881918374566,-0.3080693084304575,0.49386355188938724
2002-02-01,0.0,0.005351626805629146,0.6686364637358888,0.7978478278026354,-0.7912446237467716,0.013700108791129696,-0.5896396337070944,-0.8320758943908309,0.49811922126447217
2002-03-01,0.0,0.32923028509638824,2.1366955098523714,0.38274684610947607,-0.7548337304447734,0.1715449643723545,0.6762911146089569,-0.4081746707995087,0.44208756309055125
2002-04-01,0.0,0.4997034351602504,-0.19869484864581152,1.5196750814982012,-1.0111460680474413,0.37455128398669313,1.2520778516490079,-1.0008437219741781,1.0134136221524204
2002-05-01,0.0,0.6751527129548919,-0.9012152880347474,1.0057590321223602,-1.117207850442315,0.19812049098830053,1.086031131520808,-1.052840888784907,0.47980507791873067
2002-06-01,0.0,0.5439122697670246,1.04445904563176,1.8965558802322917,-1.4745504331318153,0.03687254425134869,0.5346322655305679,-0.7502183638171636,0.5364361591209157
2002-07-01,0.0,0.4202078464697454,0.369058395491197,0.9876137276605316,-1.4538213605883883,-0.013339229954399722,0.10341541790897284,-0.43906976190828906,-0.08540370574488683
2002-08-01,0.0,0.3047684587515602,-0.49025456095896963,0.11498063093517197,-0.9552933426504104,-0.06699297820465742,1.5522663186982966,0.2961052334363259,-0.7298378292698416
2002-09-01,0.0,0.5112172724129205,-0.8769442386770133,0.045933722300961016,-0.9349514995316442,0.006841657366360938,2.1848114550306823,0.5699522794188799,-0.574311029510585
2002-10-01,0.0,0.2569382429115854,1.0368303513380293,-0.24681988727363882,-0.42869558735649527,0.07026157386825925,1.8644389667176253,1.2754603846814665,-1.4766208735759159
2002-11-01,0.0,0.1682013249820173,-0.9621980744154006,-1.4060664757433168,-0.10237581202818122,-0.029645351589919336,1.9755446901922042,2.224174880342427,-0.7073393113334693
2002-12-01,0.0,0.08822393691688118,0.15151320509538166,-0.6349832550678206,0.14992663848871712,-0.13557577211258176,1.70110323026968,1.5320210932814575,-0.15567423663826593
2003-01-01,0.0,-0.13988162881927646,0.42300546556598057,-0.11346472783805528,0.6957541933553058,-0.14054630834098578,0.7776970198774578,1.1038663499270773,-0.6822975009592613
2003-02-01,0.0,-0.20332304969850026,1.0472310704497938,-1.059670232977313,0.6160016490935654,-0.10181499367229686,-0.4057688473217252,0.8185804127620327,-0.9104517681226324
2003-03-01,0.0,-0.25895574719880365,-1.787740146703213,-1.6367687100418626,0.47119707943633826,-0.021857308189619826,-0.4360492874634922,0.4596983292740281,-1.0650969406512583
2003-04-01,0.0,0.006227104131846288,-0.7939003592756102,-2.186300282727596,0.46152958379722003,-0.02747926531241696,-0.19668038278429942,0.5685535822630987,-1.0268070275711376
2003-05-01,0.0,0.12250222704750362,-1.9574293345679659,-0.46385022328406117,0.23390478825443486,-0.09639382599319132,-0.3217264842616402,-0.10521843311681998,-0.3977486672748846
2003-06-01,0.0,-0.22327915762985942,-0.8445093917814661,0.756040404909257,0.556731189457322,0.016596274832091255,0.2077775966649104,-0.2153446843721516,-0.003303012128916332
2003-07-01,0.0,-0.09171527290621204,0.36017153146490843,0.15180943021924964,0.06618072948221514,-0.0690944821592004,0.09670714973457362,0.1336154309742384,0.023672989429170604
2003-08-01,0.0,-0.1090486923939596,0.5359115867630612,0.31086457223468483,0.5909418141194194,0.017143257271571295,-1.3863638892474242,-0.4003180290399219,0.08714019663570677
2003-09-01,0.0,0.03800567238803367,-0.4106048186671445,-0.13164989345264191,0.5823076760359195,0.10675929668268987,-0.7928752927927832,-0.45118470126511345,0.15971615258667057
2003-10-01,0.0,0.19306589532966342,0.6770914368519143,-0.5753812367140824,0.29081234463429106,0.16139518079038623,-0.5086175599331443,-0.4209197249585059,-0.06871563178027963
2003-11-01,0.0,0.512883076791573,0.8378538033398831,-0.2703529330390954,-0.24749359650525887,0.11552038581421976,-0.3272184033882981,-0.4670282233407169,0.3573642820544902
2003-12-01,0.0,0.3711957009098524,2.056985853479368,0.5083436362804254,-0.37802300976601344,0.11962023147741373,0.061380103983737215,-0.5526576239526988,0.3139201789901577
2004-01-01,0.0,0.23747042995356288,1.5874756445501574,0.18263858837741706,-0.402982933128812,0.08645205382106368,-0.20827548665593565,-0.45418087452457234,0.7262653061808719
2004-02-01,0.0,0.26778514886270255,-0.3078341098327299,2.493549580815764,-0.15529384396004145,0.04946241395753499,-0.5075320264598575,-0.38780420923132186,0.7987468567931864
2004-03-01,0.0,0.14833415353455817,-1.2282273573147988,0.4149911717499649,-0.445497984967797,0.04543200845758481,-0.07826522173359751,-0.5761247311883395,0.8202471510767363
2004-04-01,0.0,-0.12169884583563106,0.450521343983083,0.655775591793971,-0.1159141226907964,-0.00045691185432869736,-1.0138919931892503,-0.03432856688629092,0.5235694675739873
2004-05-01,0.0,-0.23006606788259326,0.37892041039226126,0.26834656411944646,-0.17142118308414114,-0.07253800337193343,-1.259455936005302,-0.4603493664647186,0.22868321725641422
2004-06-01,0.0,-0.17760044947839645,-0.009502159314464383,-0.6189794906206396,0.16705097889028217,-0.07552268910633304,0.6758859846693723,-0.5667038952991461,0.2563156970238145
2004-07-01,0.0,-0.27814791621867585,-1.958024322726242,0.5146103428000381,0.030494568463650566,-0.04621560750571073,1.1099250107480183,-0.3468534471195063,0.35438568426764966
2004-08-01,0.0,0.09402694662983781,0.00540266785158688,0.7427321467014015,-0.0216477634959693,-0.024036327331296833,1.1290754517383934,0.054786629571147265,-0.12985763451151874
2004-09-01,0.0,-0.15752889383989885,0.15786705814653965,0.5781351755045026,0.25362031891240583,-0.09580988447805633,1.125186605583657,0.3925990469805796,-0.20013193853874606
2004-10-01,0.0,-0.09380816727263619,-1.368551308488068,0.23402144964172197,-0.21863240291725908,-0.04728336484452268,0.4579917493050576,0.3965027875177217,-0.19089721596173415
2004-11-01,0.0,-0.02833226781843364,0.5288999878712963,-0.2690360047658911,-0.12439799955089528,-0.08814899615409903,0.5940019267598546,0.40794399755542776,-0.12753510988693756
2004-12-01,0.0,-0.11798556951481141,-3.0264654105759656,0.008001727501724535,0.22640241769297098,-0.009630707011399424,0.9745138767725402,0.1953387269741662,0.2141833181534377
2005-01-01,0.0,-0.20647795871591584,-0.0009680873614437552,0.9789141900922067,-0.5467518969152234,-0.02303016391021752,1.032315652680228,0.01913859383519735,0.5030869630360547
2005-02-01,0.0,-0.13744558079494987,1.1484805048386604,0.6988885472493422,-0.18680773125403963,-0.019219126906157614,0.8842756667625395,-0.3015115312578624,0.11442270652159804
2005-03-01,0.0,0.08902607759108316,1.8467671586894552,0.4696872855868627,-0.3346868584329739,-0.022403573888721003,1.3763435320758697,-0.6934241201537371,0.24997146634480424
2005-04-01,0.0,0.00320226324919773,-2.2891382304115195,0.22539939427593642,-0.44080209095831524,-0.025315910867095705,1.3060487267878857,-0.8960746081837149,-0.061986111318906224
2005-05-01,0.0,0.07476292173587946,0.045576740697817454,-0.7410718914878756,-0.005432753474597158,-0.038825441574096876,0.6987965655607895,-0.31858618080670476,-0.3816102987367586
2005-06-01,0.0,-0.009505952846893378,-0.3831231007937997,-0.8297522932107917,-0.022387665190023085,-0.04474420736655757,0.6115513401304533,0.2820420045133351,-0.12570762800843396
2005-07-01,0.0,0.22002685681675066,0.15533031563151906,1.196623391193952,0.37635313850988233,0.05330989211580343,0.6697468577261636,0.3483166257281507,-0.2154064471967644
2005-08-01,0.0,-0.019628610800755075,0.03860625021872429,1.3846121436771963,0.4476162799125507,-0.09040900059710238,0.32764860913614424,0.1273387192906626,0.11770287304298613
2005-09-01,0.0,0.054184066067467174,0.6076212769180042,-0.11826686712813342,0.8025126606988127,0.016407492370739803,0.41496836795826575,-0.0660204539994163,-0.11159643195153249
2005-10-01,0.0,-0.028493542993912144,1.3870245018087328,-2.652646095641186,0.5001659124960327,-0.017945579399800803,0.11082987346881332,0.4346294769857047,-0.12307823560826177
2005-11-01,0.0,-0.11134017340953324,0.5030558554430133,-3.1664198683132576,0.47084694586768,0.008230001593605667,0.04459683773817673,0.5041786950514845,-0.43665898731641684
2005-12-01,0.0,-0.03801675213966721,1.6612570576408037,-1.5325656518135444,0.3480568126581258,0.009617437515548435,-0.495280307221248,0.6243453692062392,-0.11867746049276878
2006-01-01,0.0,-0.12184978856017961,0.04724028224904817,0.6261460878526618,0.505675271453921,0.010284210522318607,-1.032286368571302,0.6671767566256418,-0.2350903596874547
2006-02-01,0.0,0.10674991846312742,3.630976606216374,0.5983859991948426,0.07178163710045174,-0.024517123989910003,-0.5606478157289102,0.5985086227295598,-0.028789943940478697
2006-03-01,0.0,0.17797738613433206,2.0765865596472755,-0.33267190085120685,0.13651527628286153,0.306807196717097,-0.46525803256385406,0.22910071697475143,-0.13349062613932666
2006-04-01,0.0,0.24827447299044972,0.6034793868178508,0.16256300579027452,-1.554877844623251,0.16603878550034987,-0.8904614453850891,0.21384504859703649,-0.10600801676410904
2006-05-01,0.0,0.1608150216861726,-0.8158310727888586,-0.13644535876398478,-0.8201546998653704,0.00396542168650083,-1.1239195305132685,0.24595668401933013,-0.0654650363091793
2006-06-01,0.0,-0.0848039066614256,1.005064596887026,-1.8908303223487302,-0.14487276803135715,0.006751994983458067,-0.9366839569161642,0.07480275707563641,-0.5821991553565911
2006-07-01,0.0,0.13722779970815607,-0.2702428539020355,-0.6345023390724945,0.06570150661007061,-0.08667725823744478,-0.9582656841961332,0.20559046891314084,-0.6987359571145159
2006-08-01,0.0,0.04356774492512538,-0.6309833959135571,-0.6590501528613528,-0.003241728457585085,-0.10492687861899401,-0.41092862201602637,0.2000319594016592,-0.7527991455243952
2006-09-01,0.0,0.10341488580883036,-1.2401218203028948,-1.2139806415587528,-0.16295944004717522,-0.04643965711796138,-0.3583683320736311,0.3016179859373048,-0.6013620054109343
2006-10-01,0.0,0.003048999298060262,0.037686982937691536,-0.45887203764500845,-0.1787040198310552,-0.0330189251016627,-0.4050787412371119,0.25765019321661314,-0.39900891960550117
2006-11-01,0.0,0.054998788059958295,-2.249032327956961,1.332511906207531,-0.13189353462026315,0.1117197941469651,-0.3958564871120777,0.14380892841072263,-0.09233904205389983
2006-12-01,0.0,0.2586342691211111,-0.8500242457006887,1.066768554892713,-0.30253981618167186,-0.01737322045891146,-0.3560717814099438,-0.23183257707404942,0.030064057640140848
2007-01-01,0.0,0.3001343052495823,0.5530654404052454,1.0545200018229015,-0.24139991400478872,0.048871839065820925,-0.7295124180204815,-0.18306681986797332,0.11267834213712487
2007-02-01,0.0,0.02209450280322667,-1.8523164564750725,2.2598479912771894,-0.46773088316410055,0.02770435673773189,-0.1161029960104471,-0.5541475948033404,0.22993557127664224
2007-03-01,0.0,-0.10676355576889951,-0.539496889885459,1.1812928698927574,-0.30233639319970956,0.03687303073186119,0.5706335742604293,-0.8160600852685257,-0.14550623835001486
2007-04-01,0.0,0.06911112290201296,0.10623245712921293,0.7035415002194176,-0.6108064521935109,0.03196120438168672,0.8752576898922885,-0.4967007235038315,-0.05514242376724707
2007-05-01,0.0,-0.07755569063284273,0.5153517292030316,0.5915337329089663,-0.8713576034225264,0.08106475511177547,0.18233624589202727,-0.7300476877820273,0.5231848669705034
2007-06-01,0.0,0.2351240897978638,0.09066331284923428,1.0370311714569833,-1.0654567096961396,0.06566833303285043,0.1460698951592742,-1.1883741907167984,0.9919878614645558
2007-07-01,0.0,0.06672473258417266,0.9590125081969478,0.6078321389066003,-0.4077162120015752,0.02669183040855207,0.17004110829894445,-1.6266253650476106,0.7383397361720161
2007-08-01,0.0,-0.1141209363680417,0.3122636153290683,1.9300707434922346,-0.8135344151189969,0.04494607670044945,0.02583126233284354,-1.7630973285868192,0.3040043180545833
2007-09-01,0.0,0.0045998158812359064,0.503636304357124,0.686502371288497,-0.17962032903904954,-0.03038026447911696,-0.12417989528647477,-0.9965773016118997,0.5552342679926886
2007-10-01,0.0,-0.20449929219071486,-0.7739429601309248,0.9543639265851153,-0.1320547932984796,0.008777174340053534,-0.6139214590090518,-1.0604649639508332,1.169203263307102
2007-11-01,0.0,0.04039809308040849,0.6723768321616485,0.7006242818655196,0.3399543048922709,-0.08496483463520567,-0.5822058664873723,-1.869342453418301,1.5125006423875444
2007-12-01,0.0,0.11203062734458176,0.3490296991241898,-0.0361260563761094,0.3773099394873284,-0.051495842125747225,-0.8036129336651221,-1.2986009182677802,0.9848635451876301
2008-01-01,1.0,-0.14715311253241636,-1.0879647933631174,0.12813914696470147,0.41755919570690325,-0.08394077076456535,-1.0736948713592624,-0.7227296952660582,1.030308412196245
2008-02-01,1.0,-0.11188261878691698,-0.055307735835432435,1.0393274271645587,0.3506948179942015,-0.077959610982937,-0.7634548417439037,-0.33852373926006407,0.33833980420173737
2008-03-01,1.0,-0.2528441430158902,0.6382811647865911,-0.29802251823817877,0.5783866656626622,-0.1404363657334542,-0.8833602800981846,0.17722069943593785,0.08098526036717589
2008-04-01,1.0,-0.4143404501475798,-0.07133370813014317,-0.30019499061334415,0.8743422963808946,-0.10303866985908612,-1.4504055381343925,0.7170876319363545,0.2367277202919101
2008-05-01,1.0,-0.1273594975048629,0.47939153566446835,-1.5144900683951688,0.8061741539657288,-0.10397558875297395,-1.1243085229690777,-0.04904020660901111,1.1072726956723287
2008-06-01,1.0,-0.33183578970123223,0.44928393058293314,-1.873596372309473,1.4505665904086464,-0.08729816509613711,-1.2166819918308738,-1.3225959360526234,1.5150995815694486
2008-07-01,1.0,-0.7149971116002747,1.7607962319450277,-2.3855385240155003,1.7403486941192212,-0.17922749239797653,-0.7815226744284246,-2.0073637472140837,0.5965771295614006
2008-08-01,1.0,-0.6507070706810328,0.720084805026571,-1.1731552500402491,1.944871224668491,-0.19034645555701357,-0.5063799445377676,-1.8124302607929819,0.7465299992137014
2008-09-01,1.0,-1.0781663013077356,0.19218968253385624,-0.6304089781473641,1.9885760887908939,-0.16297341774367616,-0.7277801715195586,-1.8114613069223764,1.1728992654171606
2008-10-01,1.0,-0.7440712858135072,0.30538686638810864,1.057996528802729,2.1545637564573643,-0.23804867136141253,0.024223565382252725,-0.9157108534510437,0.2900402852881776
2008-11-01,1.0,-0.7431205027130771,0.17216984645912867,-1.5556934132231064,2.0921567880061094,-0.2613980231215012,0.3628128824702407,3.6760851695609,-1.406656914359
2008-12-01,1.0,-0.7603418758955812,-0.9637200914865574,-1.9779367535229695,2.10790235592438,-0.24229861093080282,1.2843044653793165,5.562080152069396,-1.8865082805588413
2009-01-01,1.0,-0.6368772689439637,-1.7317327261544402,-0.9135748398535266,2.462554930841459,-0.23245831083153873,3.2248873080728826,6.522999740540152,-1.6051698294821148
2009-02-01,1.0,-0.996285281808702,-2.26628564743966,-0.668443308055805,2.749472969480467,-0.12467369060752968,3.383183760689284,5.128406764455004,-2.1857628272033036
2009-03-01,1.0,-0.739364176059236,-0.89641974265438,-1.7319455779999247,2.0948597535716487,-0.03521511907233779,1.6334238142188389,3.7287822327228937,-2.9306985806067276
2009-04-01,1.0,-0.6452302150598109,-1.5777240275037634,-1.5595108818904095,-0.748573928460471,-0.039133004079668264,0.24734364814326196,5.1039537493879585,-2.1925373340243133
2009-05-01,1.0,-0.23991043950068075,-1.6932941209430807,0.04457594950667528,0.6057187198657095,0.12155276718290359,-0.7118594413006653,4.7667665856622525,-1.3680650645546748
2009-06-01,1.0,0.16807942877233678,-0.7760540447630212,0.7347990553520319,0.20752359319958963,0.28519795864243674,-0.5982781789808839,2.622196330212441,-0.8586797441526028
2009-07-01,0.0,0.5835303919541014,-0.09047006554605809,1.0923557588655999,-1.3174639763558225,0.27943383577154807,-0.8536146787218043,-0.5159729963640055,-0.8354823755428924
2009-08-01,0.0,0.8545500125884883,0.1390369160737401,-0.03242480458197555,-2.5784866531351627,0.5902280657697636,-0.540058958814258,-1.074807086699563,-0.1685355983868393
2009-09-01,0.0,0.9854595367323981,0.14216337799437528,-0.20089990520547601,-2.5025473118368393,0.6339226442047814,1.9674243447303366,-2.588759899498466,0.12803316968326076
2009-10-01,0.0,1.2932028967008478,0.20826374671775771,1.359273733785655,-3.147762944676661,0.45935205261459533,2.1492097785431055,-2.5353401298260474,0.4362119016966588
2009-11-01,0.0,1.1546377725504335,-0.34126291952412147,0.6352365292708956,-3.3242322560595325,0.3690671702868557,-1.7057238462493363,-2.2369631056195924,0.15999100041600936
2009-12-01,0.0,0.8852839325752659,0.3480337717409908,-0.14870324024523493,-3.6836227790288953,0.2962634823444397,-1.4822448323051793,-1.8791084479592661,0.6621859198854619
2010-01-01,0.0,0.7999394964616066,0.2951983456812388,0.8468303612577107,-3.672669555295953,0.143654306999953,-0.9087692856708335,-2.0484941943372967,0.7574479771653698
2010-02-01,0.0,0.8996925014218689,0.7094326188804577,1.16732847319712,-2.7092101386596714,0.11604078507853832,-1.2528908334856168,-2.6566337511858586,0.24346807709209112
2010-03-01,0.0,1.0285526324751797,0.6011435512626546,0.9213217637030592,-1.825584586624124,0.07302516227521719,-1.0054475039687973,-1.9350111453322805,0.4314042742032033
2010-04-01,0.0,0.7168104868113002,0.9877215556941377,0.857503520031996,-1.145965860369087,-0.015263357465811297,0.4857143557818342,-2.0498230714621304,0.9523882441503886
2010-05-01,0.0,0.5901625462806565,1.5956926421101105,0.5062960244360404,-0.9472069541275979,-0.14437550700760227,1.0722400917944546,-2.316125143424763,0.998049643857544
2010-06-01,0.0,0.3343869461314382,0.3466711248443372,0.7648223115677969,-0.6871423458476296,-0.15932101596887,0.8563511497664255,-1.3791559083975342,-0.09103354286261181
2010-07-01,0.0,0.26120653005239186,-0.22642382624792948,1.2481045822203607,-0.49412461286789866,-0.15816393068101134,0.28856161423491655,0.11473668934950348,-0.8021776533797241
2010-08-01,0.0,0.36897836987494176,-0.12407120984642221,-0.5228941615368483,0.14021186123479476,-0.09874377417004046,-0.03590333825690274,0.1514189784102202,-0.23609485245016143
2010-09-01,0.0,0.3427395033332367,0.4861059195664405,-0.29862288906600776,0.23648684352869792,-0.14184928452769346,-0.24321539281155197,0.13587404058330418,-0.8883084682425672
2010-10-01,0.0,-0.13270364331975223,0.397001719843969,-0.4517564882402679,0.5257126652341515,-0.11519897377014333,0.3942677683600042,0.37657844452676864,-0.1176719070074214
2010-11-01,0.0,-0.4332885159726578,-0.2485599324722299,-0.5562206034838264,0.5441251573879823,-0.12860868944698414,0.8387550659098164,1.0001235078251307,0.16176205343973163
2010-12-01,0.0,-0.40460479076103417,-0.2684429547450237,0.28432908149381375,1.2767118760065437,-0.0902262842233911,1.1773354330146981,0.984605815255935,0.0014320667279214643
2011-01-01,0.0,-0.20512811851392757,-0.39219100802624446,0.9157294827095499,1.1541003051412868,-0.06373294596760483,1.2564514761526124,-0.18147377252687666,0.6332707563074979
2011-02-01,0.0,-0.14965966207415804,0.6343489331375017,0.8672581565545995,1.1660500273683319,0.04503835250862029,0.8963098769319502,-0.5485274524836693,0.7905341983610819
2011-03-01,0.0,-0.23971559919448926,-0.7857065365490348,1.5902969267598472,1.1643140719189609,-0.02739926367388541,0.9672848181118946,-0.9696111137856889,1.0791510893680276
2011-04-01,0.0,0.46275176970908477,0.12659021357555725,-0.5273627947264298,1.1086136820193297,-0.02907525957711675,0.0153502222038301,-0.8258238444365845,0.9554691469676218
2011-05-01,0.0,-0.23562783368982232,-0.5123248873288522,-0.019617373055120874,0.6248232515971897,-0.09885135480392859,-0.4915696524168497,-1.0405467480772006,1.226035637247506
2011-06-01,0.0,-0.45747576736580237,-0.5279675759927115,0.9533492552463336,0.4179063453580658,-0.09943540556945651,-0.8570711189840176,-0.9383282875297887,0.9483772042365857
2011-07-01,0.0,-0.5173635820093293,-0.07558240647387646,0.35954385439308034,0.8750503711746989,-0.04061678164597985,-1.8489527253989233,-0.5367994644962107,0.6153689885291949
2011-08-01,0.0,-0.4164201259402974,-0.015073143877451053,-1.3127800036239288,0.45402950977964623,-0.1373488811945711,-1.8210362587658628,-0.5799427617279098,0.2482574348529247
2011-09-01,0.0,-0.1554508952398388,-0.596898878204589,-3.0201535555569046,-0.10097932510095747,-0.09125226609515939,-1.7448136424203045,0.3726468201900084,-0.5625325338629912
2011-10-01,0.0,-0.20473629343436095,0.043458293605207865,-2.2655985652989634,0.41913376229357047,0.0023848217492456396,-0.9285360257220017,1.1019436183662785,-1.5138105937450403
2011-11-01,0.0,0.0615891628152119,-0.5785355016350585,-2.0405590424871756,-0.07171025877869035,0.03332642913723881,0.971546465681063,0.7747832688059598,-0.4009161531091036
2011-12-01,0.0,0.01689179696739032,0.47739077967679394,-1.489709801122567,-0.2241967258028525,0.03339615601966921,1.6375132837331778,0.38799285219245727,-0.5592252758687968
2012-01-01,0.0,0.1305481693098935,0.11764025150888546,-0.2478009920282382,-0.2348434830617442,0.025684341349669043,1.9216353876699532,0.8331730728548828,-0.5555537899071834
2012-02-01,0.0,0.2456107227253633,0.3027316874206613,0.7482008304401028,-0.09621140257631328,0.029388259491965617,1.6864833347888326,0.7515698788894982,-0.12195229538451265
2012-03-01,0.0,0.048471917482626845,-0.08972375269102459,0.7110255007452687,0.18794451461743028,0.08716429604272541,1.9129115702745119,0.4200013114387006,0.2898441344220942
2012-04-01,0.0,-0.1483157328192123,-0.36606077726954034,0.7969748994114773,-0.09487723738469112,0.02988996943402908,1.6190459678775622,0.01111334767284648,0.5913531977719203
2012-05-01,0.0,-0.18880839953746295,0.15549301325188633,0.7305806039822315,0.21938474834412353,-0.01756710027871183,1.7599735299930914,0.2757403860653736,0.3587887765020687
2012-06-01,0.0,-0.38670472672041045,-0.5554772326855154,1.2399405284502345,0.00614449572404464,-0.06152847796244589,2.0419509032717884,0.7040102458333418,-0.642372234741396
2012-07-01,0.0,-0.27269340312665713,-0.14421180372154302,-0.1731280964939641,0.2127103937926911,-0.0434455331990072,-0.24591186952643643,1.1748924911042773,-0.27540977987553616
2012-08-01,0.0,-0.31669176710857744,-0.5213858679248968,-0.4745470146457886,0.47922775435459547,-0.10003486381211567,-1.482282343627194,1.0317001507040777,-0.2602658215886821
2012-09-01,0.0,-0.2055547736016109,-0.5266993418168514,-0.1550368615620302,0.5429053032150919,-0.07103719086571587,-0.6907440686384181,0.688607081006567,-0.15512849867164413
2012-10-01,0.0,-0.09567461521073282,0.4149742268194509,0.5940613454816525,-0.037527763238590035,0.014373890811855788,-0.9770454733224908,0.3773161701805361,0.007484056113398847
2012-11-01,0.0,0.013263377200576644,1.0628471383250802,1.4105989007355062,0.34630702806011543,-0.014023811031571382,-0.9232138859100267,-0.49749746818142454,-0.45831152181591
2012-12-01,0.0,0.12163366940334563,-0.07505602189179142,1.3338897573148736,0.35984644822740336,0.024697938844088628,-0.6715596853909134,-0.3488718956582846,-0.6130453335597289
2013-01-01,0.0,0.0732240475498545,1.4831097197616874,-0.8539906357467104,0.20300697707763407,0.0031528532860446512,-0.6432440882264555,-0.0777796302561406,-0.7186953884584949
2013-02-01,0.0,-0.28825372325101073,0.2896427292641836,-0.7533122289134321,0.20957442628391895,0.01755829640373754,0.21590082206357147,-0.27774862203902523,-0.22239677469844804
2013-03-01,0.0,-0.17966330287212023,1.0405893946826243,-0.030924049698228238,-0.27920142917061586,0.06974498199531205,0.044390635264525385,-0.02372512061283974,-0.2813340159379475
2013-04-01,0.0,-0.2268937026812664,1.4894638935733542,0.09542023412451278,-0.48901474469995726,0.016325450265211528,-1.0123617350161134,0.20547132658540332,0.027043654511077386
2013-05-01,0.0,0.19690547558201968,-0.7184106888965817,-0.4597708320427661,-0.37104344003443823,0.18603406169351847,-1.8322617329542759,0.1006967531008473,0.07122707119290149
2013-06-01,0.0,0.4660993186784215,0.3061466588580268,1.1874188502118785,-0.23731175702592827,-0.006968372494891991,-2.0236175208882066,0.10392659537459449,0.15790027631114323
2013-07-01,0.0,0.1115082374543669,-0.8868059440893951,1.0209200556255742,-0.2050595883092145,-0.02424956300845379,-1.357672491660118,0.5370904930880402,-0.32821368251486577
2013-08-01,0.0,-0.0837115492539298,-0.4988994548109927,1.1551234632923812,-0.3404242943439946,-0.012266823711805076,-1.0807205171171907,0.14984264611628273,0.2095564148770231
2013-09-01,0.0,0.19379131471736347,-0.15604265488653749,0.4352314602187721,-0.12927181575510835,-0.005894780755130538,-1.116078972607237,0.08775019454285568,-0.559588749413536
2013-10-01,0.0,0.16137177519439763,-1.053669617666029,-0.6279558002558236,0.030839975542595946,-0.015557181581287593,-1.5937520539896939,0.09647034697781275,-0.3276615466455162
2013-11-01,0.0,0.2888907784955845,-0.25277349982903574,-1.6307255510249634,-0.19686818969308978,-0.0006095575152737602,-1.3247156617550035,0.3289985736105555,0.1668240316856096
2013-12-01,0.0,0.10663807353188008,1.7450079168917418,-1.3144496200442128,-0.2959913285887883,-0.0031658204489141435,-0.5372748345331785,0.33963802858562336,0.41075669856419783
2014-01-01,0.0,0.08419319252565229,0.48308598421926513,0.17055652947159503,-0.2940454507182617,0.016460554507006533,-0.35742299723259796,-0.18779821156943738,0.5934677467523987
2014-02-01,0.0,0.22133384887932817,-0.9683678948374449,-0.20921593207941458,-0.7038641678401439,-0.03151834881596509,-0.5973528655216707,-0.6072045924404684,-0.2871287460484619
2014-03-01,0.0,0.36120674524200835,-0.3878610688152543,-0.23206639686863098,-0.41059740922971805,-0.11226455472601504,-1.6261968449920157,-0.352220772972679,0.24863586966701967
2014-04-01,0.0,0.033663470591259605,-0.16559781973956544,-0.6883568343938602,-0.1699651141140069,0.11643485071373026,-1.073297089226584,-0.46659114856690503,0.16140066418554977
2014-05-01,0.0,-0.13562141025516028,0.6183244894081701,0.06708618514916409,-0.3956859673870106,-0.01668330682912009,0.1519347682142323,-0.9131270019776316,0.07141899812090093
2014-06-01,0.0,-0.14730793218059668,0.09980213916074404,-0.5286591282857197,-0.3688791172859936,0.08325180755301524,1.3161367283153578,-0.8805639682946268,0.2689533673998881
2014-07-01,0.0,0.15460702332101564,-1.136116329020019,-0.5309480243414645,-0.36346448994036545,0.004109526203147638,1.8339593604441247,-0.8962464341295375,0.4490350412912474
2014-08-01,0.0,0.29990508218136575,0.853215633207859,-0.8147310181631828,-0.7987263351851979,0.05950113537737748,1.8107686404640642,-0.9445559629087393,-0.012400704551944515
2014-09-01,0.0,-0.33830714906544146,-0.444193521488725,-0.8019377970239456,-0.33588127780226107,0.004955682190626829,1.0822839963767636,-0.720301444111024,0.5491895654130218
2014-10-01,0.0,-0.03843465444173803,-0.06985803833306631,-0.49079182079038514,0.313566013526742,0.027956444532088322,1.6471060749310746,-0.7873823867115568,0.09923590967720641
2014-11-01,0.0,-0.21023877616158354,0.44669510933879075,-0.1353722179748259,0.2743568493552373,-0.0008101042652625791,2.3062232260293025,-0.47095869663955975,0.4218528878639624
2014-12-01,0.0,0.08521901533991608,-0.5196091452175774,0.1387270676828219,0.4842238380633025,0.012218087829435438,1.8048144887694382,-0.3039310616353694,0.7952073863310957
2015-01-01,0.0,0.06464635877480586,0.2452075276034232,1.039156559327651,0.6806685626076016,-0.03034388838865046,1.4153846743956993,-0.1655681513522046,0.6075264630685813
2015-02-01,0.0,-0.11583202898147427,0.2916367481946186,1.8848803102728495,0.7987967656486367,-0.015096126925064839,1.1732363179473222,-0.13374758514773466,-0.11303110041867592
2015-03-01,0.0,-0.3001318350277215,-2.1847387736501362,1.203779188361419,0.6010986751659533,-0.0352980043689668,1.0713444375917534,-0.3942403412056274,0.8910335699081574
2015-04-01,0.0,-0.01893957142861776,-1.4009230731940177,0.5988385684686119,0.8172959776919554,-0.052302922540429335,0.5999904444177548,-0.6385529527393079,0.46263650846581467
2015-05-01,0.0,-0.2119596779239153,1.2461147055226822,1.138214630625201,0.831000382004034,-0.025748138010778816,0.6157906548657469,-0.5865615950179686,0.5790809741576214
2015-06-01,0.0,0.06005592307471987,-0.18032735203064165,-0.041116209032356896,1.3667343390021889,-0.04786079371280397,0.23386774445754452,-0.23082122357119042,0.7449688705615638
2015-07-01,0.0,-0.14245289614162202,1.2274120533636137,1.0546576153049438,1.4112657730338343,-0.021114532439330962,-0.020281438557499764,-0.1114289409934176,0.2625661714991339
2015-08-01,0.0,-0.19329989815381649,0.428137590225832,0.3654947276720951,0.834619889234542,0.05621016423830945,0.2705799370894903,0.16795724165892514,0.6223008725654713
2015-09-01,0.0,-0.09252337251463183,0.14671686248299753,0.0687119988031649,0.4035486170610233,-0.016476020192543652,-0.05461301427632771,0.5554858386213465,-0.7209909088786906
2015-10-01,0.0,0.31653759366750595,1.1839658250861431,-0.9698784984535418,0.24168414135501007,0.003568449359928014,-0.1331270079757725,0.9708718770861521,-1.282520725590438
2015-11-01,0.0,-0.062025379671971845,-0.8810908645754547,-0.40232668605543187,-0.07603021050416145,-0.044580609550322586,-1.0169922600573718,1.2571181088680332,0.23840559256866614
2015-12-01,0.0,-0.13222104848174643,0.40339356736276305,-0.1526909747125189,-0.2949867165030166,-0.03627545032191193,-1.9738549434015427,0.9548933369121615,0.1877046625506489
2016-01-01,0.0,-0.20722491292016398,0.01880601467514844,0.0983443770214027,-0.40116499741023964,-0.007778443093934197,-1.6242819187961015,0.9965417805856812,-0.24399365667016662
2016-02-01,0.0,-0.2869730549742757,-0.6968670634680771,-0.05615395022666339,0.2729397817869834,-0.011302077811462169,-1.182249869637751,1.5143734061198677,-1.352372144165173
2016-03-01,0.0,-0.21469365105256652,0.8250928798792452,-0.14729473518846745,0.28168135570015207,-0.030322575054302837,-1.0040725248355107,2.214642140969231,-1.5303581992857644
2016-04-01,0.0,0.009986090587849751,-0.6010411650267341,-0.3256807864849135,0.21501539856279472,-0.034030383637217186,0.1490950707053553,1.208175397301169,-0.3857892570645467
2016-05-01,0.0,-0.08216202480221935,-0.04073486398725356,-0.7845490001555602,-0.01717377899798953,-0.0184603327023704,0.7765027693589944,0.3956119032256549,-0.46197132891974224
2016-06-01,0.0,-0.33405887324661016,-0.27811242267420516,0.39801153634458536,-0.4540223075789735,0.0019811056411090755,0.8898664507162654,0.13120417359270975,-0.2967596263845213
2016-07-01,0.0,-0.11883880947966008,0.3238460665886302,0.1027167765649028,-0.6990689477515803,0.052104940899812484,0.17482928802741352,0.29342319712727283,-0.4413333772666049
2016-08-01,0.0,0.0945238685040997,0.7018672619655946,-0.6882560068538532,-0.1499948050324267,-0.001312891238972176,0.3204592898326481,-0.12724048827582463,0.11781825371159227
2016-09-01,0.0,0.30686430699004685,-0.15972870482941112,-0.7791630061155681,-0.4401193595307368,-0.00910101734033793,0.3427480759175002,-0.07295475968671714,-0.10231405352399417
2016-10-01,0.0,-0.10735498518623714,-1.4369190914862195,-0.5333346053470199,-0.9194723853455163,0.013828620973600145,0.29808833863657547,0.086478227846275,-0.33700817812348277
2016-11-01,0.0,0.1050773907148963,1.4463950460276382,-1.4458570974419032,-0.5627600222772277,0.06515439418696284,-0.10282120973531111,0.030755339677010277,-0.9748198116395719
2016-12-01,0.0,0.005342470186903968,-0.6621550400739945,-0.09797657892929428,-0.6679612572531028,0.031220510157618543,-0.2964045446718971,0.05883809197039796,-0.49160692305148773
2017-01-01,0.0,0.2203395154340047,0.6371938590632761,0.7773993998952498,-0.24184030141931676,0.014447170738726681,-0.8194709999092905,-0.5367069883214484,-0.34191744146942044
2017-02-01,0.0,0.4374941095685703,-0.14008356841569505,0.7759995153317225,-0.11359489664544992,0.04656756113081969,-0.8270156731829194,-0.7128859038908014,-0.20134084957388865
2017-03-01,0.0,0.34409412350583507,0.7934893236588103,0.2407741350476624,-0.21657964206091804,0.001514013423870365,-0.5777497645441816,-0.5474335691709125,0.373760272604687
2017-04-01,0.0,0.09688916436653673,-0.20678219286500638,0.3046223396341412,-0.30350216181625966,0.03610178231668853,-0.6822222723595669,-0.44118156454033663,0.0974030015076635
2017-05-01,0.0,0.16557056046021085,-0.7638082319789273,0.26306842083773924,-0.3147784597814482,0.0019680449675224844,-0.9447083698757026,-0.02124340117041159,0.0391184917923403
2017-06-01,0.0,0.2368771343286935,-0.6631331184920878,0.22324306737747393,-0.6873186228593062,0.04840217422049118,-1.236807483327297,0.05788150095208004,0.03998375877426242
2017-07-01,0.0,0.15402261692152697,0.40576795761371076,-0.28469042927056787,-0.21356433466056643,0.024597433597483568,-1.2020433220030107,0.00432728619623397,-0.11653698796710923
2017-08-01,0.0,-0.083348919012705,-0.13781631458499746,-0.6839177121579574,-0.5036630278113211,-0.02546350519674848,-0.9168366173281599,-0.22550102053756074,0.07777636026136876
2017-09-01,0.0,-0.0059544948370130425,-0.7285584916387772,-0.012911173164686663,-0.9207715171074489,0.008497943990573445,-0.5304400681990729,0.01151475547210196,-0.1734433493423066
2017-10-01,0.0,0.0726490111200081,-0.4940852163485348,-0.4287244594549897,-0.5199300500394347,-0.0028155974334630163,0.7285213855643912,0.13807014549148525,0.039350951870197444
2017-11-01,0.0,-0.004513167902970014,0.3869229160363835,0.7182883469560424,0.1526681161805841,0.06927797211641223,1.4624695832028545,-0.2463581244881179,0.3411039078906735
2017-12-01,0.0,0.07527396572475945,0.5531461493329097,0.2031959554710183,0.10079291994418763,0.1310534864970088,1.2175723636106237,-0.28833958722063996,0.8150382851402573
2018-01-01,0.0,0.3115714503478514,-0.6161410006764206,-0.39269035905838257,0.1076029022259524,0.16304016465780247,1.279593695268817,-0.5314205329832934,0.8434844219597772
2018-02-01,0.0,0.23415810805839252,0.8224965515292253,-0.4708876916999095,-0.2519323631599396,0.16674036106968307,1.151504823899841,-0.9761066584426842,2.1112790801959345
2018-03-01,0.0,0.15550997883198026,0.5441921995738622,0.3537015608123854,-0.7583158086149586,0.3042504977226448,0.726382088571345,-1.0112982943118567,0.8228893625327366
2018-04-01,0.0,0.23137836381867596,1.0225288285180842,0.6933342214838818,-0.8575757727616645,0.17585293320224962,0.5948381300790007,-0.48866764303120674,-0.08688702374994833
2018-05-01,0.0,0.14768220040779007,0.5127630279395973,0.12138434897764759,-0.06075638682383071,0.2187593755639362,-0.027142183269407236,-0.4771165968756866,-0.19330917181532412
2018-06-01,0.0,0.05993098453523198,1.475549512921162,-0.058798393491923784,-0.0532640888451884,0.20816880633679916,0.6206025118914328,-0.3293032217588495,0.20522874530713772
2018-07-01,0.0,0.2801203007696451,-0.49943484613996186,-0.01799226659943034,-0.07825910157407019,0.18414662181687289,0.43615482467686373,-0.10660793765409862,0.17773379703391887
2018-08-01,0.0,0.18073793676637068,-0.3120558063994723,-0.07648029522203803,-0.2574691254305532,0.12297895694594536,0.33404723098875083,-0.22016309137502907,0.9966339744451146
2018-09-01,0.0,0.23014533504873497,0.6378937033667869,-0.42635581918587795,-0.23018510805703765,0.14919021067821658,0.4797979521964597,-0.3658905930116598,1.6976105770620045
2018-10-01,0.0,-0.04287936311838068,0.17413278246796876,0.4280184136790204,0.010259266451537678,0.12537093673572783,-0.08507957179492454,-0.429083623542999,1.6854140833384677
2018-11-01,0.0,0.2995036527674565,-0.18778662874606408,0.1371929313968927,0.7673746480235655,0.11392035648864345,-0.37506638631617945,-0.3969735638612554,-0.444694964412493
2018-12-01,0.0,0.0030635326986958532,-0.6889199152024555,-0.05955293275269089,-0.09961947195837922,0.10165159064927513,-0.21674286742192583,0.16979481817024486,-0.10022462255556273
2019-01-01,0.0,0.0054796969967368945,-1.7494396352147679,0.15836225642266583,0.43332036593193335,0.009479295861965963,0.616589494172075,0.7311257323518316,-2.741086620749882
2019-02-01,0.0,-0.16477585879691567,-0.22829491023246445,-1.3024701297916663,0.4882331146030688,-0.035551179958100705,0.23492483619468318,0.9867474347008505,-0.9402534540628021
2019-03-01,0.0,-0.03976422390340955,-1.5388035060022363,-0.6820756084652099,0.9706800441675373,-0.10460824098943752,0.021268227845528374,0.4248860802185015,-0.30411693017776054
2019-04-01,0.0,-0.090913842680109,-0.7702309982593777,0.3754767987037553,1.0029990408133769,-0.134279400239587,0.1099063133905448,0.2988257632555928,0.019184186262502404
2019-05-01,0.0,-0.006736356804469115,0.11846142165902909,0.20518129395816465,0.9207177403824691,-0.15813360233720342,-0.1404555034435322,-0.12461085331074792,0.9372109587734098
2019-06-01,0.0,0.05457824317374399,0.28004810497198024,0.9016983098182088,1.028308134885709,-0.26144643516397104,-0.44798959118273046,-0.018555422486842207,-1.1732603024484163
2019-07-01,0.0,-0.3783126030882203,-0.41583247537252793,0.6287545507063289,1.1232394004015467,-0.38878568143084813,-0.4363186281821214,0.3973642954164601,0.48802742103728425
2019-08-01,0.0,-0.5241584472711375,-0.5582998322394056,0.7967003033400909,0.6783235385889466,-0.5276338557254878,-0.38042391041445417,-0.2700819147251872,0.6403493632968422
2019-09-01,0.0,-0.8540995157428093,0.9411642447506542,-0.901681873805446,0.3664488687031949,-0.7371080454155805,0.013218846700538937,-0.27813152605966024,-0.13938607504984488
2019-10-01,0.0,-1.2126348758095185,0.0572680278670207,-0.02337619269844805,0.5674524318219275,-0.9252220910636331,-0.040068789507138755,-0.48549457131329354,0.09032188199027029
2019-11-01,0.0,-1.4437297825802098,0.10079873359553515,0.6331148323940553,0.2864563542342106,-1.0815712085107914,-0.4434943500860316,-0.5690822066973507,0.4027910598305805
2019-12-01,0.0,-1.5471699843744453,0.3079092425699586,1.0892289747828023,0.6078468110177375,-1.2677759496205105,-0.29991999382945755,-0.9615629874928073,1.1130133868912389
2020-01-01,0.0,-1.9915740684216552,2.507615781973979,1.814632850603776,0.8969648641243244,-1.5859229241541557,-0.23644155541976866,-1.429366245207178,1.6637942571066664
2020-02-01,0.0,-2.4617016906710587,2.769338916103814,2.1247063489239078,0.7763380266638717,-1.8277730346326522,-0.2526759271489883,-1.5097235816171062,1.2481415966092064
2020-03-01,1.0,-2.6410677732791163,2.251192886226436,2.594116538808671,1.6304058695739823,-2.1025837730001933,-0.10933710282260745,-1.260118654203055,-1.8263588258567114
2020-04-01,1.0,-2.994540624885595,-1.2719972251014524,0.2712954510337771,1.6664710357404742,-2.3662447254123844,-0.10945639759425123,3.139094102931672,-5.907666948021034
2020-05-01,0.0,-3.359024326739973,-5.36671529011306,-3.2038854439365823,1.302773065023818,-2.588336107131416,0.21254731311853725,3.2836639227747906,-3.138978581854305
2020-06-01,0.0,-3.7261297622091742,-4.3007346462352425,-2.8804478716141593,2.0425215190679915,-2.8100468542941788,-0.009989588792197955,2.633602083331037,-2.3442693229129277
2020-07-01,0.0,-4.241946814463902,-1.766211239384116,-1.432028302231488,2.187340617524288,-3.175497376724687,-0.903853825098836,1.4052503737677844,-2.335347593568813
2020-08-01,0.0,-3.1712958554775454,1.1522622587718032,-2.4277120052923227,1.9823836849351832,-3.445398881860734,-1.0120952307627857,0.684821248364115,-1.2243466533955265
2020-09-01,0.0,12.810454820127186,-0.5958607607284199,-1.8945243527445645,2.565451774241044,6.630412369177737,-0.618127335119291,0.5220206835131099,0.4360718877502865
2020-10-01,0.0,10.05640197523874,0.12610165124064818,-0.3655818658017208,-0.31574026545879613,17.73734132359663,-0.5376474782183499,0.8038508117795996,-1.5443658554931472
2020-11-01,0.0,6.425926151113358,0.7645897258578785,0.1104048067441229,-10.326631719029148,5.583850540089664,-0.44770276309003737,0.7861677470373758,-3.102711131332347
2020-12-01,0.0,5.053753977021213,0.5702592503992403,-0.7632744834791771,-9.010190098994512,2.2336054904402785,-0.6737501532065525,0.12204590488557372,-0.27707987924508093
2021-01-01,0.0,2.1811467180362634,1.2308778879616615,0.2201451356595999,-4.3659749854538425,1.7274226652723066,-1.1820839408455703,-0.42723489051993285,0.4032543796826931
2021-02-01,0.0,1.2488129833645871,1.1717882610757795,0.029888175135203712,-1.5330411197206353,-0.445383559632336,-0.17284743988080173,-0.5388052030831503,-0.648291407149862
2021-03-01,0.0,-0.09730226478231382,-1.6962419878253072,-0.26324836848582167,-0.7494014202731581,-0.6865143347337664,-0.33413704261550625,-0.4167646420209442,-0.31175970292603394
2021-04-01,0.0,-0.2975748221076713,1.6135169898442352,1.650572073469705,-0.7444889211939985,-0.8230594610052498,-0.21308342581053236,-0.40441005618165554,0.6918575847498187
2021-05-01,0.0,-0.14099552051915323,-0.9054839281958337,2.569677684875026,-0.1736322559671592,-0.8711879002194242,-0.2459512986867513,-0.8301905170217604,2.1911194750574503
2021-06-01,0.0,-0.41636920766061103,0.29513836852281544,1.6199400332911844,0.017282465658702003,-0.2679035113468855,-0.808881676365356,-0.6317316000320287,1.9045286893367461
2021-07-01,0.0,-0.5032070989036254,0.9513243663257992,2.390506960366955,0.9272749867121716,-0.10284962903202433,-0.8665537968763481,-0.7802195673229846,2.365926785372831
2021-08-01,0.0,-0.40707373889696463,0.09674562659906534,1.6974196046698984,1.2027634863739218,-0.23269302312441492,-0.9218949397907565,-0.6901290084535974,2.9288547634379403
2021-09-01,0.0,-0.13321916785257126,-0.021248115806770575,-0.39758781834390844,-1.5669545862312213,-0.41577931068660334,-0.681006946773121,-0.5101084774723048,3.847849720412127
2021-10-01,0.0,-0.31295256492756385,-0.30989549657488297,0.3746834624006233,0.4684295527227436,-0.5673744632722334,-0.5525222491520575,-0.7876912257095916,1.4494002209634196
2021-11-01,0.0,0.14486244278879545,-0.206698643075118,0.37934358415887587,0.4169461186500547,-0.9098398296428197,-0.271375540759949,-1.0222671032118469,4.184161314771817
2021-12-01,0.0,-0.3302748065755913,1.2214520514021039,-0.30155673632945695,0.9180447506541786,-0.9647994231677506,0.32365308930953096,-1.1413107300047067,3.6642060705837594
2022-01-01,0.0,-0.4905444937756507,1.2872576716247386,0.6141926792845044,1.0091385286056118,-0.9287640977341015,1.1489521526997564,-0.7384563323141968,5.55372484986465
2022-02-01,0.0,-0.8102826679001434,1.1143771127868394,0.11094830042032142,1.1707960588513335,-0.760711960146766,2.6411106343929247,-0.7635738436431122,3.0582674279819964
2022-03-01,0.0,-0.8240484476812548,1.6225322553377202,-0.6187918310550876,0.8078053829495823,-0.5790105712732786,2.649221768009163,-0.032129032058432996,1.6886147274580299
2022-04-01,0.0,-1.1619432552396947,1.352903596308029,-1.151669655269109,-0.3299594317612565,-0.7271072304755373,2.6384856605119307,0.42096173422990923,3.3014126705597513
2022-05-01,0.0,-1.2009263623524096,2.741021553374113,0.26057017801766624,0.5479907049308865,-0.7813933413117887,1.976225589426091,-0.44236304865529014,-0.5404431903087491
2022-06-01,0.0,-0.7869659962858067,-0.25024827925759296,-1.0420191816420326,0.9176989773118607,-0.7176096883808254,1.0340795278898394,0.5982083740938801,-0.4315863612179867
2022-07-01,0.0,-0.7047501453777945,0.009867473722824358,-2.7124593940415256,0.5228077172505939,-0.46091220156095486,1.039569306240282,0.27818902894569214,-3.750644332912729
2022-08-01,0.0,-0.7990046041706328,-1.9198738600099128,-2.2963054904152673,0.06565065441091097,-0.4292287595151097,1.585530974532297,0.9364855934498072,-0.2519025140425076
2022-09-01,0.0,-0.6008579183497286,0.026136349934292143,-0.7982350917558825,0.427213431070525,-0.3349762044390515,2.119717506000687,0.7314480908219352,-1.915930387126524
2022-10-01,0.0,-0.5804095957708546,-0.4285786682488525,-0.6741796134813024,0.7742866466008196,-0.24630276171647336,1.7463157139669787,0.4738802703810727,-5.532444592510159
2022-11-01,0.0,-0.4244916580508355,-0.6943767747954953,-0.38467686434587606,0.7092999905385482,-0.17814666872796023,0.7860309797465599,0.8416014428454152,-2.7172026658262465
2022-12-01,0.0,-0.4458869308411186,-0.6906315286855014,-1.0815905284184342,0.5351790376779301,-0.09446970374756739,1.150147491484516,0.5223080626314005,-0.7256476764896138
2023-01-01,0.0,-0.17422098246689763,-2.2003217197200784,-0.4557259898481442,0.20906747022159816,-0.00897677526412911,0.15919839317076145,-0.10961922502889884,-3.2216492617108234
2023-02-01,0.0,-0.23488943197755582,-1.3302340587311834,0.5769632908714142,0.3128820381506331,0.029352499881473468,-0.7941845290083963,-0.09058032790092022,-1.0585732073648568
2023-03-01,0.0,-0.0005518902444676215,-0.7696621592219818,0.9299040954777507,0.16517563246351558,-0.026277776672224414,-0.4094605887133582,-0.4581258836297709,-2.349868420448194
2023-04-01,0.0,0.06023010770000795,-1.008457880715154,-0.20611744326549872,0.287160439057124,0.025622462816833932,0.37405806928288,0.2906434536041818,-1.2776283070915326
2023-05-01,0.0,-0.05136945822109647,-1.1857585089958496,0.05491530067986505,0.23317308896548503,0.08428672241212277,0.14137774662018446,0.4160964773192355,-1.0476741291123868
2023-06-01,0.0,-0.0210574718860708,2.081161486072896,-1.0620666514746688,-0.017584876464611446,0.08426624405474466,-0.8258428771560746,0.9048190665617352,-1.370841464909556
2023-07-01,0.0,0.15233450872219428,-0.09582277364896824,-0.07278611955780012,-0.9715602458321809,0.0728371822190229,-1.4507563235014103,0.3490532834474277,0.8166285572563671
2023-08-01,0.0,0.00025291651675121913,0.5047871959082173,1.3591971995678993,-0.37918888147956387,0.12408635691355965,-0.9898702474004539,-0.1253835365908984,1.6438489690435378
2023-09-01,0.0,-0.1630590746173236,-1.1349082554561651,0.7799353877439613,-0.2614284504370516,0.1908070531932657,-0.888081396442543,-0.012771405153420942,0.24458358326065496
2023-10-01,0.0,0.13321994114021812,-0.4978467403769601,0.3063287177733238,0.055423980334948185,0.12455398637792896,-1.6312724496388349,-0.16865581969977694,-2.5744865422697534
2023-11-01,0.0,0.10738616146730219,-0.30733197101647003,-0.6796833813594793,0.26049267083824784,0.16349779246942503,-1.6223372587104508,0.10855983005630807,-4.2082206951453855
2023-12-01,0.0,-0.08287713837339024,1.4454353514514713,-1.3436639507617187,0.02545655411627809,0.2741937978668451,-1.375698975263873,0.05871081235196396,-1.267427522110306
2024-01-01,0.0,0.18978137055389174,1.2848696834357671,0.32421780284657636,-0.5925774341815895,0.1888275274000246,-1.690741147692774,-0.4137130436806076,-0.07043192204267602
2024-02-01,0.0,0.14355930532442593,-0.16702143374407702,2.1901962397848838,0.06750116757484785,0.22556619739640094,-0.7864789016529946,-0.3301688320853125,-0.15936940912724762
2024-03-01,0.0,0.40574117972884843,2.0006464890492,1.6289523980222824,0.048226123642254884,0.08678048042696637,-0.23275678577999606,-0.44349972975193075,1.4447807739383258
2024-04-01,0.0,0.03773788291201821,-1.0305034369018489,2.059548190759986,0.23074977609897232,0.03519986087094973,-0.13658844312280904,-0.3992983106111295,2.107549829297092
2024-05-01,0.0,0.13622578588539444,-0.0013079000731555535,1.4951698874905504,-0.17051955683292358,0.061478097947154045,-1.6939679881054495,-0.5892312970191931,-0.9729584713804991
2024-06-01,0.0,-0.0810830066123155,-0.5523242854020062,-0.32187452147295176,0.18661958063764106,0.0008752473267982302,-1.8470851347992374,-0.48707172793135867,0.4762834051674069
2024-07-01,0.0,0.16922236912135963,-0.6409218777952201,-0.5952920430850082,0.02153126722945716,0.007584756119609119,-0.9015635855181328,-0.24783967111082764,1.3303030381661978
2024-08-01,0.0,0.10481955358807635,-1.187469154633727,-1.057560055307188,-1.0370283251994454,-0.01081070301419754,-0.4974872058528524,0.0846911704375165,0.9778922934939402
2024-09-01,0.0,0.03932915336475105,0.3413181207746412,-0.8131258609434129,-0.1435722656934774,0.0033142417600821846,1.2550450399648634,0.6590011768576349,1.2538488067732025
2024-10-01,0.0,-0.026850517208678145,-0.06856884239645773,-0.41846477311984664,0.03954873159727072,-0.03156518070614367,0.6232406759275044,0.6071126579883493,1.407248999227534
2024-11-01,0.0,0.2198110555028683,0.11668303694130852,-0.40818082798548827,-0.08524608028719952,0.014542674539906758,0.22460096180944908,0.15955375056428897,-0.1313246590396462
2024-12-01,0.0,0.30996921666775284,-0.691464725273062,-0.20573670887446255,0.4568341342814865,0.0659389811728212,0.926039110980903,-0.15611803815517813,2.1215628961970237
