,recession_indicator,cli_equal,cli_pca,cli_weighted,recession_prob_cli_equal,recession_prob_cli_weighted,recession_prob_multi
1986-12-01,0.0,-0.1560239773279615,0.888313748401253,-0.190701714365663,0.5158361257740408,0.5178952450030173,0.028313447763076864
1987-01-01,0.0,-0.1506948235112716,0.2262895726498071,-0.3830013522341155,0.5146281329088046,0.5584759845222046,0.10447088807818591
1987-02-01,0.0,-0.2236024170483496,-0.3037623861831985,-0.3206487568260366,0.5311337605200621,0.5453767349104705,0.22441103368164558
1987-03-01,0.0,-0.1109000889847544,-0.7866680549201465,-0.1916387893482584,0.5056031670047668,0.5180940095993557,0.0724206276471039
1987-04-01,0.0,-0.1260377469112711,-0.6921062290199672,-0.1785182284403482,0.5090369548086325,0.5153104920832063,0.06536403722508854
1987-05-01,0.0,-0.0565955655473452,-0.6897795463347308,0.0591417049738971,0.49328281655557876,0.46489728454938634,0.11414021182901583
1987-06-01,0.0,-0.0290702473244754,-0.8510654307909523,0.0733879787975269,0.48704017957802853,0.46188779220035303,0.08020051605160708
1987-07-01,0.0,-0.0049683875183219,-0.3848389584037186,0.0423575778653283,0.4815772217226053,0.46844615831394676,0.044588192589308046
1987-08-01,0.0,0.119577599011633,-0.5566519783685505,0.1326684705440678,0.4534462446709986,0.44939716342726543,0.0038924539381233604
1987-09-01,0.0,0.3724282988124872,-0.4563640836004858,0.3991110118681248,0.3974192143363817,0.39425475204800997,0.010131663322745331
1987-10-01,0.0,0.3965449844611866,-1.074396826202905,0.3882505374264953,0.3921897158198794,0.39646033885211224,0.01362253252592773
1987-11-01,0.0,-0.225392918446173,0.1032651419786547,-0.1975324704615116,0.5315384063120787,0.5193439947040928,0.12908586503604383
1987-12-01,0.0,-0.2991248711640261,0.5137804484937432,-0.519778012504898,0.5481593890989864,0.5869030770998585,0.2537102547797312
1988-01-01,0.0,-0.536995989066474,0.967311346069984,-0.5423032358165758,0.6008759051599128,0.5915347741857118,0.3779137535943057
1988-02-01,0.0,-0.670588594529846,1.27874076978564,-0.5805483511991557,0.6295665450879113,0.599361337682888,0.5869499048791027
1988-03-01,0.0,-0.2478078878050198,0.6673846562038673,-0.3155307467395707,0.5366004144791658,0.5442984786955495,0.14082482261392196
1988-04-01,0.0,-0.0744606101119061,0.1614436783565101,-0.1050332147213766,0.49733578357546776,0.4997080315104975,0.23392375164321577
1988-05-01,0.0,-0.0613803874540757,0.4108453781153516,-0.1336042958724142,0.4943682643564972,0.5057758956791776,0.5322230097071048
1988-06-01,0.0,-0.0142331896705486,0.4049788560312377,0.0974022357385627,0.4836767437810472,0.45682122927494667,0.20426212554347306
1988-07-01,0.0,0.0058362653648926,0.3616789066005734,0.036626516643304,0.47912957652261934,0.46965869647951125,0.22799370105000477
1988-08-01,0.0,-0.025005932052373,0.4115459105077424,-0.0329760254123638,0.48611870398491197,0.4844090899944364,0.09461188473153087
1988-09-01,0.0,0.2440349384991815,0.3228614112856102,0.267951781572133,0.4256291267499598,0.42115439905283586,0.09410578135792147
1988-10-01,0.0,0.2366813607164034,0.0743109011687586,0.2527577526325985,0.42726144935140753,0.4243043281307332,0.02508284296433955
1988-11-01,0.0,0.3659516933302197,-0.0396046682158638,0.4052978518066543,0.3988276656207085,0.39300022196648715,0.0450732439886842
1988-12-01,0.0,0.3622794525772445,-0.3648043125158086,0.3599190916806326,0.39962700466616746,0.4022336437088757,0.030522436160647537
1989-01-01,0.0,0.2833616643449885,-0.4742813286392197,0.2635071852073004,0.41692783209598855,0.4220751724478097,0.013457774480473476
1989-02-01,0.0,0.636973889677871,-0.8363704322075364,0.5966445996084997,0.34156723779931997,0.3549670666503211,0.004990594549622561
1989-03-01,0.0,0.3911316501455344,-0.1892162375565869,0.487074197719337,0.393361446681677,0.37655624631032836,0.0054232760141174445
1989-04-01,0.0,0.4322943083982684,-0.3271541960771131,0.5198820854696866,0.38448339217227007,0.3700358607835342,0.0031972951098064983
1989-05-01,0.0,0.1349858470980965,0.1495621949795245,0.222895774125499,0.4499829311272948,0.43051284721368244,0.017938657439547322
1989-06-01,0.0,0.0065249706050057,0.2526202974650827,0.0472088503974189,0.47897359256080346,0.4674200502853636,0.025652167214590262
1989-07-01,0.0,0.0658973972765388,0.414291242381192,0.0253225306840592,0.4655450475542792,0.4720513521929696,0.10682759491818491
1989-08-01,0.0,0.1715125966294323,0.4049303139551893,0.0985701076316142,0.4417927481459059,0.45657504903488355,0.2954538643284154
1989-09-01,0.0,-0.0484111356119896,0.2905733921583182,-0.0676177477644173,0.49142631229509276,0.4917622248226974,0.15100364171182415
1989-10-01,0.0,0.0550951585973153,-0.0001731608201465,0.1533934494410504,0.46798510127431037,0.44504452639380315,0.1509753171887726
1989-11-01,0.0,0.028632132038319,-0.4564524981300081,0.0138537438547312,0.47396891486209564,0.4744802028393932,0.30304564557293967
1989-12-01,0.0,-0.1997622720826407,-0.1157089365707669,-0.2635213574095627,0.5257422927370458,0.53331937198906,0.4871814497540779
1990-01-01,0.0,-0.3707037756498071,0.0992302483355905,-0.3796992672014384,0.5641932439442041,0.5577841446176304,0.6731605661387841
1990-02-01,0.0,0.1527081369361374,-1.5700879395709748,0.0036783511611316,0.4460054968349492,0.4766361545475954,0.14986401317617906
1990-03-01,0.0,0.0909186666442575,-0.9857673608358388,0.0252342235053283,0.45989966459294856,0.47207004891224036,0.2681519799487659
1990-04-01,0.0,0.0471254830933639,-0.9801880359605212,0.1038025758445175,0.4697863127446734,0.45547233889926925,0.0869641155553536
1990-05-01,0.0,0.1960311457091131,-1.1531075415923404,0.3164192966674997,0.43631252367095075,0.41115040136883074,0.03258542024380533
1990-06-01,0.0,0.3209848119860372,-0.6611244283679083,0.378187684969875,0.4086515423011418,0.3985077080438401,0.010329424751242905
1990-07-01,0.0,0.1512856362439595,-0.3021734606016146,0.2189815278420575,0.44632450215621305,0.43132831294828644,0.14639769391443208
1990-08-01,1.0,0.1698505336678811,-0.4124588766314497,0.2291130671386308,0.4421647705881075,0.4292183576139762,0.19009410833721574
1990-09-01,1.0,-0.0680122128273515,0.4412924527961764,-0.0487885965189197,0.49587279473269097,0.48776485872366404,0.23587438247042988
1990-10-01,1.0,-0.1103210487327045,0.8344339526995147,-0.12345508283971,0.5054718064270445,0.5036205302315689,0.42215028273024413
1990-11-01,1.0,-0.5429391819127826,2.05507345728563,-0.6718978331145687,0.6021687453143291,0.6178447862826683,0.894354711296379
1990-12-01,1.0,-0.3177576187548456,1.5758174490396784,-0.560401102873208,0.5523441890639987,0.5952444076948381,0.7495841625197783
1991-01-01,1.0,-0.6367172294763993,2.148316263662927,-0.7809982815573374,0.6223695209564755,0.6394773497000885,0.8832359700722395
1991-02-01,1.0,-0.962246092199711,2.2495082381254767,-0.9599206499766412,0.6889148246650305,0.6737289563317769,0.9551917576869945
1991-03-01,1.0,-0.4328618165303026,1.453770520255708,-0.46117688696765,0.5780099381475273,0.5747830161656863,0.9150926638065185
1991-04-01,0.0,0.0352954819427037,0.0396963528039588,0.3005382970621816,0.47246142720568896,0.41442068043041835,0.4837039946063029
1991-05-01,0.0,-0.0328326107514963,-0.1586917446266757,0.1327053291441846,0.4878932742720683,0.4493894153404405,0.5044417783949615
1991-06-01,0.0,-0.0724619983506266,-0.3480093964974798,0.0422058909515375,0.4968823397845234,0.46847824644202846,0.15608511705695202
1991-07-01,0.0,0.2569666728432908,-0.8497303363773974,0.3748233615962115,0.42276253264606517,0.39919300339697533,0.00392751209986335
1991-08-01,0.0,0.3241160430148714,-1.2968369040722647,0.4555361409351138,0.4079649984723178,0.3828667255245511,0.0016069269907621148
1991-09-01,0.0,0.1846243740103346,-1.088140195862586,0.2696659424554935,0.43886023912085337,0.4207994277223741,0.0038943882871114756
1991-10-01,0.0,-0.0240528777897735,-1.052265698327364,0.0505179938625501,0.4859026376578742,0.46672028040855745,0.0035864133611063164
1991-11-01,0.0,-0.1283873270068999,-0.7107320095355703,-0.1611639819805617,0.5095698593211248,0.5116273701398493,0.017461964733386976
1991-12-01,0.0,-0.2232849183382531,0.3308312716052558,-0.3661786410157219,0.5310620028566163,0.5549490444188945,0.06919564715512175
1992-01-01,0.0,-0.3026219446199735,0.7022551895855913,-0.4510840365073599,0.5489453477434725,0.5726860480331103,0.23462792812507405
1992-02-01,0.0,-0.1966736675557343,0.4661844416432178,-0.3725051807316529,0.5250433361042605,0.5562760946291042,0.37680315951725646
1992-03-01,0.0,0.0106664065448985,-0.0894509013203996,-0.1430463918933855,0.47803569159678605,0.507780901200164,0.1997434853122043
1992-04-01,0.0,0.4384365242523445,-0.5550178919449251,0.4014084761190907,0.3831650404027921,0.3937887224399676,0.08834855122347461
1992-05-01,0.0,0.0510848755455787,-0.3126201968348687,0.1726181043709448,0.4688913565256688,0.4410144948474785,0.08207263483912902
1992-06-01,0.0,0.1928340213127289,-0.7785887766179838,0.2587773367052789,0.43702627202006267,0.42305563581301703,0.07969259673225765
1992-07-01,0.0,0.0397375569983937,-0.6567127838551746,0.1310165314995897,0.4714567484243992,0.4497444445044898,0.03528116844570428
1992-08-01,0.0,-0.2599043327128881,-0.3117001207706635,-0.2750355622177879,0.539329110335227,0.535753165088227,0.08304595825136402
1992-09-01,0.0,-0.1315750076713459,-0.1840070040105231,-0.2174841726363788,0.5102928170871058,0.5235736427650156,0.08474680922669642
1992-10-01,0.0,-0.1761794389529017,0.2550474830031646,-0.264210923318948,0.5204030999245667,0.5334651734866969,0.039742775069522715
1992-11-01,0.0,-0.126374181210719,0.3432697429585508,-0.275890782440732,0.5091132622234633,0.5359338691511684,0.01671525475628924
1992-12-01,0.0,0.1906832413671447,-0.3455457044554195,0.2414872952377467,0.43750657409393384,0.42664484127334995,0.011950215761977983
1993-01-01,0.0,0.3353336935178854,-0.731629093700604,0.4552862694585233,0.4055084164104529,0.382916883688021,0.010771398972269058
1993-02-01,0.0,0.081731440560148,-0.4245192402301294,0.2233348679873416,0.4619713996649442,0.4304213930021148,0.14849649370337428
1993-03-01,0.0,0.0860687745381036,0.0024797323268534,0.1378398327193755,0.4609931554012344,0.44831032734761284,0.08491023696095029
1993-04-01,0.0,-0.172275628380755,0.4968102337566468,-0.0603493452737317,0.5195187880050617,0.49021901434604953,0.08306417196389496
1993-05-01,0.0,0.0638370890299042,0.199636856765308,0.063819258134595,0.46601031474862104,0.4639088695944168,0.06126929900117529
1993-06-01,0.0,0.0779374010204044,0.7896801263470796,-0.0071462533885118,0.4628273494895723,0.47893061489676186,0.027148146913281962
1993-07-01,0.0,0.076025984848551,0.6947761699106383,0.0148614042052971,0.4632586556098258,0.4742667512500247,0.07815892545348554
1993-08-01,0.0,-0.0457917213655327,1.2728653925242577,-0.1508991248813462,0.4908321884503714,0.5094482215810293,0.08540527722336994
1993-09-01,0.0,0.0563517809776289,0.7877343300966434,-0.0089956203960121,0.46770116932176276,0.47932271152584033,0.048863520165090386
1993-10-01,0.0,-0.1099848558573073,0.5838572586577838,-0.2142631265914207,0.5053955376502648,0.5228910121015784,0.10930076484782203
1993-11-01,0.0,-0.046122521662014,0.2209237970588405,-0.1327831800956244,0.4909072177027751,0.5056015240847611,0.21710147200793062
1993-12-01,0.0,-0.0997828055718372,0.3444691823618243,-0.2179450489167063,0.5030809957496898,0.5236713083279008,0.07970896386764809
1994-01-01,0.0,0.2730819852440607,-0.4702081394870266,0.1203752179809969,0.41919751860240695,0.45198268854937224,0.039476782014052365
1994-02-01,0.0,-0.0306828896662275,-0.0120801490229765,0.053917197993861,0.4874058281810256,0.46600160214802683,0.096842184739536
1994-03-01,0.0,0.0511736387707277,-0.3328423935963724,0.0795920891850581,0.46887129531484323,0.4605780429227824,0.011402454100498165
1994-04-01,0.0,0.3556749372913371,-0.8376296866108794,0.2568753773345136,0.401065957465792,0.42345006960792836,0.014521190049907552
1994-05-01,0.0,0.1525003281471898,-0.6261085663986906,0.1744414937589138,0.4460520965820746,0.44063265554792513,0.08728805379735864
1994-06-01,0.0,0.2429999753709777,-0.98363252134858,0.2443658005600578,0.4258587672551022,0.42604675104942485,0.03673804033425229
1994-07-01,0.0,-0.0873077369671966,-0.4222872255781245,-0.0323643631636341,0.5002506041182283,0.484279308358618,0.08553236339817026
1994-08-01,0.0,-0.1544049374871147,-0.4289718569062107,-0.1444304073528161,0.5154691467347183,0.5080747739385444,0.16376355123871753
1994-09-01,0.0,-0.0743431012755372,-0.6215549702400148,-0.0734278622056876,0.4973091231153552,0.49299592926734975,0.10043144958466563
1994-10-01,0.0,0.1025715701701179,-0.1977110872758004,0.0859536902587205,0.4572739164496161,0.4592356110178094,0.14048699379031496
1994-11-01,0.0,0.1435663146542432,-0.281207391538248,0.1744684210256729,0.4480563761513793,0.44062701718494973,0.09221681857055607
1994-12-01,0.0,0.2872964370543919,-0.412133225421017,0.2792063564860764,0.41605998516052095,0.4188252882420784,0.025079585637630086
1995-01-01,0.0,0.3174229021071977,-0.4523644759079718,0.4116932413242571,0.4094329487358875,0.3917048860241734,0.03768776869841734
1995-02-01,0.0,0.3368375537067651,-0.4354204301148949,0.464239729104507,0.4051794386545531,0.38112116655771505,0.021111481259688186
1995-03-01,0.0,0.1445998092769462,0.1620710947305489,0.288173012366369,0.44782443170720493,0.4169722383943481,0.054322001695739516
1995-04-01,0.0,-0.1901165320973953,0.7957671834916523,-0.079788060072206,0.5235591228746478,0.49434653424136854,0.3477313241093505
1995-05-01,0.0,-0.0566915773021193,0.815796399963037,0.0618215670322068,0.4933045964535422,0.46433096797877,0.3981950013067925
1995-06-01,0.0,-0.0243933531566446,0.8358850491715393,0.0285292496740355,0.4859798260114602,0.4713724674380433,0.27586992311117703
1995-07-01,0.0,-0.0172888172293212,1.215365053983092,0.0741700809229281,0.4843693178915646,0.4617226533183251,0.6782894112527377
1995-08-01,0.0,0.3131750523115872,0.5555432239199853,0.2795472456748865,0.41036543369594336,0.4187547978089107,0.345957874403931
1995-09-01,0.0,0.1915161292772281,0.0547640051637806,0.2161622036249172,0.43732056352654974,0.4319159015792128,0.04750313616740726
1995-10-01,0.0,-0.1545150650055034,0.6328156006441563,-0.1790820212005092,0.5154941092793344,0.5154301210809518,0.34942317926063104
1995-11-01,0.0,-0.5071325131662345,0.1329150327071053,-0.4776506389083623,0.594358646169854,0.5781999237452428,0.8950210883994434
1995-12-01,0.0,-0.4012767365378258,0.0329508824492966,-0.4674297634515409,0.5710029480484453,0.576080818125928,0.7698216908123683
1996-01-01,0.0,-0.306866777521982,0.0085813184068897,-0.3433256038986831,0.5498990350811428,0.5501490112807088,0.5380617501114112
1996-02-01,0.0,-0.2758423906709895,0.0023883140998351,-0.4118158803485527,0.5429207688291118,0.564503176454545,0.26620486574243546
1996-03-01,0.0,-0.1438538128347321,0.3694466977065355,-0.2764940585549741,0.513077189319742,0.5360613329209715,0.4279499969348029
1996-04-01,0.0,-0.134932254894298,0.1367566583542766,-0.1450681716620401,0.5110541855042782,0.5082101907507955,0.2778814344098413
1996-05-01,0.0,-0.0487600214990521,-0.2961983663782756,-0.1324415960563063,0.4915054468986526,0.5055289851239899,0.1283085004925912
1996-06-01,0.0,-0.083266959653051,-0.1898459673212205,-0.1780904648148399,0.4993338047829066,0.5152197254082649,0.07960502413636708
1996-07-01,0.0,-0.038937531928125,-0.2321141309117109,-0.0598116195881935,0.4892776786170986,0.4901048527116237,0.07324930205289526
1996-08-01,0.0,-0.1850021866748103,-0.556709431605946,-0.2090434562430329,0.5224011961504567,0.5217846360057954,0.04128267955618761
1996-09-01,0.0,-0.065843299543585,-0.6040805912286247,-0.1127815862432843,0.495380734239439,0.5013536801771722,0.08643773121427271
1996-10-01,0.0,-0.1561758881216352,-0.4166289769341817,-0.1975430819046758,0.5158705577050864,0.5193462450611012,0.02711414939918445
1996-11-01,0.0,-0.1972996302904054,0.1686975821799082,-0.1597115084082266,0.5251850005887508,0.5113190463325566,0.18803704368368038
1996-12-01,0.0,0.0860896870691672,-0.281731988964693,0.0600585808387587,0.460988439501147,0.46470351730299114,0.03457553283396534
1997-01-01,0.0,0.0292834209189753,0.8191230664290651,0.0484266462797012,0.4738215486916517,0.4671625133441272,0.0674447689939823
1997-02-01,0.0,-0.1081261895409953,0.4321014345083015,-0.0714681400873247,0.5049738758370049,0.49257979673606905,0.07380422774469426
1997-03-01,0.0,0.0607828278034691,-0.0739225868400599,0.038679104064886,0.46670014903841783,0.46922438235343833,0.06256116049347746
1997-04-01,0.0,-0.0244564857003711,-0.0214821594897531,-0.0034559403656214,0.48599413871259917,0.4781482850853135,0.016562934346092358
1997-05-01,0.0,0.0249743034767294,-0.4265633474345207,0.0197825329572284,0.47479664983990244,0.47322445048485146,0.00841520743259408
1997-06-01,0.0,0.0089784367517929,-0.2446057918184103,0.0623439717776887,0.47841794370556806,0.4642205824914232,0.023969876024916
1997-07-01,0.0,0.1409728610441243,-0.3109246150333554,0.1554690950518458,0.4486385173373004,0.4446090544586473,0.024928944155158814
1997-08-01,0.0,0.1296541589730838,-0.4626208599123839,0.1782880943341098,0.451180804135811,0.43982736276592693,0.013500102938269528
1997-09-01,0.0,-0.0303217538078061,0.2301722802647184,0.0709786068243703,0.487323943481625,0.462396577401963,0.03609054486893932
1997-10-01,0.0,0.2295555684549573,-0.2802592548277122,0.2550720790993618,0.42884472185358663,0.42382413290583076,0.08753007605466648
1997-11-01,0.0,0.0450912722454232,-0.2302506214719827,0.0747729357855155,0.4702461889322122,0.46159536777240423,0.030003774772575983
1997-12-01,0.0,0.1299897386174173,-0.2535608268227452,0.1822407200551119,0.45110539245571263,0.4390002033160729,0.023492356628614444
1998-01-01,0.0,0.0563242718634575,-0.1324185116867443,0.0311570068103513,0.46770738474181106,0.47081623176309145,0.040359239283564934
1998-02-01,0.0,0.0053874733975688,-0.1504829349158042,0.055160558309108,0.4792312250285415,0.46573875922522545,0.040916115523443604
1998-03-01,0.0,0.2959100535954161,-0.3224661307846436,0.3501962382513032,0.41416200273159454,0.4042212920253211,0.08258342252665574
1998-04-01,0.0,0.2574795080407329,0.0277551357998107,0.3042115193260957,0.42264895763994526,0.41366359376173256,0.18761446234836332
1998-05-01,0.0,0.2420416443357346,-0.0209309921187696,0.3638071097648848,0.4260714329411874,0.40143970846958765,0.1723572780302813
1998-06-01,0.0,0.1569790688282713,0.2289466974532188,0.3119423282865398,0.44504797993698825,0.4120715356603644,0.3376647516817641
1998-07-01,0.0,0.3317983084041407,-0.1573946465344188,0.4142301066485946,0.4062821352803663,0.3911914849545249,0.1979855653180207
1998-08-01,0.0,0.3122529747696232,-0.3246894726070852,0.3615005297387121,0.41056793287360116,0.4019106511624776,0.11569005754365456
1998-09-01,0.0,-0.0663934720885887,0.6703847663480559,0.0437152339251698,0.49550555085638587,0.468158968911033,0.3646543725318973
1998-10-01,0.0,-0.4742719579512309,1.2003891644023792,-0.5196997689125609,0.5871487863303663,0.586886961102199,0.5506328625374856
1998-11-01,0.0,-0.5235287683649542,1.1615221221228944,-0.8007987006902764,0.5979411583324337,0.6433462870534478,0.6424516196489934
1998-12-01,0.0,-0.2857907295595181,0.7487331034814202,-0.416219304920964,0.545160401857318,0.5654226181885944,0.41355024045865746
1999-01-01,0.0,-0.2258785871233662,0.1382050257243034,-0.5398783808802724,0.5316481582639657,0.5910369334409231,0.1618956309382115
1999-02-01,0.0,-0.2761339829146778,-0.3524624536148307,-0.5594986606655927,0.54298643905897,0.5950596822026532,0.04420282989516306
1999-03-01,0.0,-0.1099178508990698,0.0799540128665647,-0.1559064661862839,0.5053803368631433,0.5105112908120826,0.18361840793450948
1999-04-01,0.0,-0.0738654340801384,-0.1857492425118716,-0.171221950811937,0.49720074991631447,0.5137621698844423,0.14892415138424894
1999-05-01,0.0,-0.3282548464231065,0.2591297110423026,-0.3108709075483269,0.5546985790089517,0.5433163877938061,0.39424128878883347
1999-06-01,0.0,-0.1944825653062168,-0.1517489779361,-0.1752965860670979,0.5245474261493169,0.5146268710453485,0.1634030508923507
1999-07-01,0.0,-0.1448142642850376,-0.3244298025556972,-0.075254368832215,0.5132949516857216,0.4933837832216045,0.08128271877876943
1999-08-01,0.0,0.0045743656106215,-0.1671947904850128,-0.0283400595791944,0.4794153931086433,0.4834254909604434,0.06908687680265728
1999-09-01,0.0,0.0704514767798061,0.1680580490257567,0.0169209675308061,0.46451684062488324,0.4738305055420966,0.010588418374865093
1999-10-01,0.0,-0.0478401937288242,0.1705260412708013,-0.0665795345319844,0.491296811684,0.4915417834832457,0.025593415637064305
1999-11-01,0.0,-0.2196898765327397,0.0827124554254773,-0.2693544565122294,0.5302494010391599,0.534552537743999,0.05099420804194527
1999-12-01,0.0,0.0510163417188265,-0.4465927745250614,0.0661946289857695,0.4689068457967134,0.46340703741897377,0.03467305390657063
2000-01-01,0.0,0.2663722066167154,-1.0350611546169597,0.2403500654157996,0.4206808470301078,0.4268811919053481,0.017845525992138053
2000-02-01,0.0,0.4301511031236469,-1.2806629170578858,0.6168803325508752,0.38494380577359577,0.3510407591974121,0.00495492873974128
2000-03-01,0.0,0.5560831332607258,-1.2903428975209008,0.651483712491912,0.3582642843966848,0.34437342398938137,0.004803109150278603
2000-04-01,0.0,0.2559535616851277,-0.7622122811564438,0.2390425775514819,0.4229869252172092,0.4271529685524305,0.004598965257300702
2000-05-01,0.0,0.3071798391719931,-0.1555624767083064,0.2734778433321548,0.4116825941369708,0.42001034683090477,0.02032727579416543
2000-06-01,0.0,0.2527951851608774,0.0057539129182509,0.2858931299607884,0.42368667318185943,0.4174431789502136,0.02821014472813298
2000-07-01,0.0,0.2717885791789559,0.1016031776494763,0.3232082046324875,0.4194833387006351,0.409754775901359,0.038542665512487355
2000-08-01,0.0,0.2275297537524164,0.0651784889963063,0.3914244246212086,0.4292951030383933,0.3958153338009589,0.027641849347488655
2000-09-01,0.0,0.4774801745142857,0.0339516160319481,0.5254443291322516,0.3748256300313227,0.36893500666523776,0.06243532826102258
2000-10-01,0.0,0.2705191448030843,0.2415310762999468,0.3549204515915932,0.4197639140157875,0.4032551216206163,0.062146970838251436
2000-11-01,0.0,0.3804502882072222,0.278542988626651,0.4540243130239766,0.3956770478827252,0.3831702416619062,0.1062795382071732
2000-12-01,0.0,0.4350503430588031,0.3104072155191287,0.5897838405002659,0.3838916317637266,0.3563027260576152,0.06127936982476716
2001-01-01,0.0,-0.0726942296558651,0.8145819941520915,-0.0225009488160823,0.49693502802926,0.48218680791130875,0.5377161108021944
2001-02-01,0.0,-0.044938463724836,0.591137252706805,-0.0649060814254069,0.49063866187206406,0.49118647013657396,0.8915199683605437
2001-03-01,0.0,-0.2966703684204449,0.8091819936597634,-0.3393968517823473,0.5476076019071272,0.5493228525472219,0.9401625878778268
2001-04-01,1.0,-0.3547619923237352,1.3485915723739257,-0.35589413060413,0.5606326351880079,0.5527901081741877,0.9703327734296546
2001-05-01,1.0,-0.2375625957435842,0.8600296318110312,-0.309332092292267,0.5342875763399838,0.5429919982804599,0.9789917615369444
2001-06-01,1.0,-0.0347298087217643,0.185927220118689,0.0537807089554626,0.4883234802775121,0.4660304567048535,0.8786316659763945
2001-07-01,1.0,-0.0539066569896974,-0.028723182406336,0.0370283927491811,0.49267285863027965,0.46957365847483656,0.9361816816687415
2001-08-01,1.0,0.0005293776551964,-0.3033908719170166,0.0633859764475069,0.48033166090208496,0.46400041466317404,0.8585124531311429
2001-09-01,1.0,-0.3036764201358458,0.1101432797530255,-0.2068186443937105,0.5491822907861211,0.5213129929843429,0.785603708493543
2001-10-01,1.0,-0.8104511421262857,1.4104380127724334,-0.888063440568594,0.6586512950191167,0.66017032469518,0.9782745843279999
2001-11-01,1.0,-0.8305553266547766,1.2041709537555116,-0.8940006807032974,0.6627414757089123,0.661300999800851,0.9668568541985718
2001-12-01,0.0,-0.2681526700569361,0.5717521732470657,-0.3653019733516762,0.5411884157672958,0.5547650929983033,0.4164781474241321
2002-01-01,0.0,-0.1648658231717857,-0.2399846733102993,-0.1345797275692355,0.5178399476802374,0.5059830358691432,0.12358910598868289
2002-02-01,0.0,0.1672957893255992,-1.188039213715608,0.1794129627647339,0.44273672989022034,0.4395919291800499,0.025409172938717375
2002-03-01,0.0,0.3424142957746528,-1.3876793932431388,0.2169234169299105,0.4039602407875145,0.4317572345758753,0.003053057169363908
2002-04-01,0.0,0.3247993475810836,-1.707445397549739,0.4175575819228551,0.40781522690628624,0.39051844839507316,0.0006812542435772087
2002-05-01,0.0,0.0848733324005893,-1.380072811975102,0.1922485458962198,0.4612627462926274,0.43690740715650694,0.00046331128061828734
2002-06-01,0.0,0.3292073092151483,-2.042261367253653,0.3103870921904967,0.40684947109183844,0.4123916693524421,0.00028834009544060555
2002-07-01,0.0,-0.0081069447475473,-1.3292659176677692,-0.0400544489017305,0.4822883895827711,0.48591112843589584,0.0012268569576153717
2002-08-01,0.0,-0.1220443497157965,-0.0486401271694294,-0.1844624761938085,0.5081311722913683,0.5165716880265239,0.001227622022884589
2002-09-01,0.0,-0.1492373889320469,0.0520394594789001,-0.2183067011537368,0.5142977366706616,0.5237479457829851,0.0004926130758411164
2002-10-01,0.0,-0.0898672868232445,0.4146298302299855,-0.2767746979586052,0.5008313319031024,0.5361206264806704,0.0034266290691116526
2002-11-01,0.0,-0.4383759002888346,1.6457167945561135,-0.6520186771964942,0.5792300791821774,0.6138493931029497,0.027325883316843276
2002-12-01,0.0,-0.0318168219441761,0.9724501127780318,-0.2184443616884457,0.48766294272917915,0.5237771170302782,0.027064893547446754
2003-01-01,0.0,0.0442369489309942,0.9980729187872652,-0.0366253357996142,0.4704393418132409,0.4851834386399038,0.19337048830995746
2003-02-01,0.0,-0.1421837357723553,0.9130884146991752,-0.2617299253265881,0.5126985223502512,0.5329405658761813,0.5728290075694443
2003-03-01,0.0,-0.5657718196471486,1.581276518072029,-0.5196314307728613,0.6071222065840782,0.5868728851992011,0.7349823264180226
2003-04-01,0.0,-0.5235962198054038,1.3926247649553636,-0.5736922708645296,0.5979558748905802,0.5979618946477618,0.5233530870833442
2003-05-01,0.0,-0.3484063905781198,0.6983319935141659,-0.2260473846884514,0.559211343833252,0.5253879942525553,0.2244071201743013
2003-06-01,0.0,0.1391467145927273,0.300870086983926,0.2764252555842847,0.4490485089900456,0.41940049901186005,0.24194762806727038
2003-07-01,0.0,0.0908255105874432,0.0401266470974599,0.0620749384212767,0.45992066461107006,0.4642774295052707,0.10482375857612321
2003-08-01,0.0,0.0776763053806602,-0.1950646285689581,0.1533433909496366,0.46288626178037057,0.44505502974614614,0.6372350694089981
2003-09-01,0.0,-0.0372924597082773,0.0446203269144174,0.0736128305809424,0.48890461084063846,0.46184031445782353,0.4799114311379855
2003-10-01,0.0,-0.0140997684883119,-0.2539398808334055,-0.0022429198773129,0.48364650457535147,0.47789115340098365,0.2031744571688648
2003-11-01,0.0,0.0176331885028556,-0.8470664348587316,-0.0116193449336142,0.4764582940706758,0.4798790284532937,0.028419002458762548
2003-12-01,0.0,0.3232891829263037,-1.3191256676778298,0.2540741696041058,0.40814625842094665,0.4240311696749261,0.009904033609752847
2004-01-01,0.0,0.2419588334879085,-1.1156630783119967,0.1636961419368875,0.42608981099264476,0.44288385719374446,0.025590627882566667
2004-02-01,0.0,0.2875402261167173,-1.1707108104399455,0.4433593859502222,0.4160062325085199,0.38531391950042426,0.03186427248363322
2004-03-01,0.0,-0.0272598598436429,-0.4953686366882062,0.0669476257197276,0.48662971102287556,0.46324797115975574,0.03838988793403336
2004-04-01,0.0,0.0740075393496205,-0.475268019251369,0.0758383105670589,0.46371417229484063,0.4613704389675252,0.2602425192942029
2004-05-01,0.0,0.0223756158320802,-0.4067473862858207,0.0438062144394847,0.4753847948134988,0.46813972425890243,0.3202058244150603
2004-06-01,0.0,0.1615682813935552,0.1647634947146296,0.1642342487776702,0.4440195611743241,0.4427710646688873,0.07828390267042747
2004-07-01,0.0,0.0892795461455001,0.4236820982937517,0.2257464518047973,0.46026918957904506,0.4299191945361903,0.05246353734471727
2004-08-01,0.0,0.2030426507860444,-0.0942320158302196,0.218531058595252,0.4347481537876863,0.43142218443311453,0.013274469450035098
2004-09-01,0.0,0.2264543882174509,0.3412287700774075,0.2092258986838205,0.42953422702478916,0.4333623421008554,0.0429502435355322
2004-10-01,0.0,-0.1655553875007846,0.4842472678119601,-0.1291029588171129,0.5179961999234134,0.50481997863155,0.06761149192477313
2004-11-01,0.0,0.0406255816022249,0.1812935398069436,-0.0583761858295835,0.4712559284376554,0.4898001086147477,0.04425047015950237
2004-12-01,0.0,-0.2094576768063003,1.0189514278073155,-0.0565089592943167,0.5279357120058535,0.4894037058357838,0.12272693504360643
2005-01-01,0.0,0.2668499227745175,-0.3738728698493208,0.2443155145552061,0.42057519078399797,0.4260571975261329,0.012238568964369381
2005-02-01,0.0,0.3901502078702065,-0.5163700484028735,0.3507705645326498,0.39357401441695516,0.4041037941239835,0.016256849379928353
2005-03-01,0.0,0.5289589363250089,-0.9430866839420596,0.4511018235595327,0.3639434180293005,0.38375722175395627,0.002913403579468241
2005-04-01,0.0,-0.0390458710118643,0.114938052225643,0.1272401330810696,0.48930224806620287,0.4505385263447646,0.008056268192470784
2005-05-01,0.0,-0.0061486211133709,0.1854210707243793,-0.0231494384518001,0.4818446430705819,0.48232436509779236,0.03559635331571252
2005-06-01,0.0,-0.1198779557894035,0.5181597499770482,-0.1728437106704285,0.5076397680152341,0.5141063427830106,0.07499389703371963
2005-07-01,0.0,0.1979807973528086,-0.0958996708951459,0.2471855122477932,0.4358773991130778,0.4254610865465514,0.03688719646868468
2005-08-01,0.0,0.2870997005466589,-0.0725419237274565,0.3568534064852925,0.4161033647274557,0.4028600200253994,0.08177804402954307
2005-09-01,0.0,0.2025427863269848,0.2297475647878978,0.219894580620664,0.434859638265488,0.43113806067296656,0.1728111005505437
2005-10-01,0.0,-0.1430976414486174,0.8007663861862477,-0.3553283826228528,0.5129057397073424,0.5526712871621928,0.40499307037061133
2005-11-01,0.0,-0.3668017232813345,1.2576181265560245,-0.5505125503301668,0.5633223148910217,0.5932188083840634,0.5748060775839992
2005-12-01,0.0,-0.0910720128766504,0.3830299517471595,-0.2786880421847497,0.5011046675244705,0.5365248510004231,0.4464072941817662
2006-01-01,0.0,-0.0794614113064028,0.3147399280434468,-0.05053632900982,0.4984703797994546,0.48813583847546305,0.6121337266530604
2006-02-01,0.0,0.3769082574674959,-0.8727694409130365,0.160566625248913,0.3964459607460049,0.4435399512784732,0.08426328573377101
2006-03-01,0.0,0.0705309577779624,-0.5238592226610171,-0.0363726719984496,0.4644988982865451,0.48512982347091593,0.17607005046602073
2006-04-01,0.0,-0.3066278081611328,-1.0425156330267775,-0.4232664647367103,0.5498453554673816,0.5668931370818104,0.014416257056219291
2006-05-01,0.0,-0.4252012349224937,-0.1958285563566826,-0.4398754629350015,0.5763132474182746,0.5703542067281019,0.10473074202703496
2006-06-01,0.0,-0.3125643877476413,0.3044899191313385,-0.4511357841036525,0.5511785406721591,0.5726968062433763,0.3877789465033475
2006-07-01,0.0,-0.3373503026755591,0.3711878321186958,-0.3395738375815869,0.556736590714079,0.5493600759406145,0.28624345295763337
2006-08-01,0.0,-0.3160812259637994,0.5527820792503793,-0.3122206030540783,0.5519679760070341,0.5436008797393619,0.184346042222328
2006-09-01,0.0,-0.4859842736258895,0.7295432565336885,-0.4920394180046478,0.589723019347947,0.5811782744585384,0.19106008317837947
2006-10-01,0.0,-0.2004773987654806,0.1973637493209898,-0.2450677283521528,0.5259041128814785,0.5294155096579181,0.14751025855180408
2006-11-01,0.0,-0.2317149115314232,0.1009814369049794,-0.0383905292981911,0.5329668148847061,0.48555802151962535,0.1380903716118026
2006-12-01,0.0,-0.0546364358696032,-0.4561512597003768,0.0508765998243368,0.49283840119429906,0.46664445541214955,0.03667813352419086
2007-01-01,0.0,0.0690881463275515,-0.8543348751835637,0.1027571532262806,0.46482461821046916,0.4556926206659248,0.049934238521649174
2007-02-01,0.0,0.0661970279287038,-0.6319355785355564,0.29616699711794,0.46547738871466887,0.41532217447498365,0.02524954003791365
2007-03-01,0.0,0.2098635212677709,-0.4904763632841307,0.34210253891703,0.4332275631031915,0.40587829461291997,0.017835283433645658
2007-04-01,0.0,0.1782100483122591,-0.6197673266734356,0.1974097776232438,0.44029431198707014,0.4358289837238728,0.005692260313362464
2007-05-01,0.0,0.2018344569199448,-1.0165733437493183,0.1918893239892193,0.4350176278401509,0.43698248779441445,0.01282946237554356
2007-06-01,0.0,0.248278961634223,-1.5495544385368267,0.2995309701495247,0.42468778758391634,0.4146283710715457,0.003407388755114856
2007-07-01,0.0,0.4433568493491659,-1.3653576542384205,0.504331701125534,0.3821101897530502,0.37312066989523857,0.011117226202113108
2007-08-01,0.0,0.4466479884420524,-1.6129779792343326,0.6062335757775409,0.38140523339792093,0.353104059411003,0.00602474137043941
2007-09-01,0.0,0.3025199047633067,-0.8673601171444727,0.3612781850866208,0.41270726682602044,0.4019560576467343,0.03770162365758946
2007-10-01,0.0,0.2193358414151893,-0.7080753994633983,0.3667921853769036,0.431117969320183,0.4008305050153095,0.15759513086923257
2007-11-01,0.0,0.5546598509312927,-1.2527201470957146,0.6889884036151472,0.35856131404498726,0.3372157055224299,0.09801336984509036
2007-12-01,0.0,0.2536256892706687,-0.7124988970456836,0.3467756701617505,0.42350264267912097,0.40492131218899585,0.20171084130327066
2008-01-01,1.0,0.0346003831396488,-0.0499472825427255,0.1722576499240294,0.47261866038971156,0.44108998654621057,0.5560482985520279
2008-02-01,1.0,0.1760023389137531,-0.2742611111839265,0.2764304217865568,0.4407881290286771,0.41939943029068966,0.28347911266538195
2008-03-01,1.0,0.0410195586653393,0.3491444520063165,0.0105586093109435,0.47116683650737423,0.4751782722892028,0.6290160402787441
2008-04-01,1.0,-0.117293176212541,0.8393703779787511,-0.1244659274763324,0.5070534418669985,0.5038352083745078,0.9396978943510269
2008-05-01,1.0,-0.008238571384325,0.3979478358516363,-0.0729344561345416,0.48231821654163887,0.49289115719213356,0.8335029926380155
2008-06-01,1.0,0.2450632378926714,0.3068189881187314,0.3021660127511664,0.4254009965843073,0.41408514236393823,0.9501444808837429
2008-07-01,1.0,0.4808923027236235,0.4716136843971616,0.5167904295531655,0.374100264875971,0.37064833297845434,0.9553291127765298
2008-08-01,1.0,0.5483007611409033,0.5306790368359218,0.6937161271810994,0.3598897375054334,0.3363186172094411,0.9395582197502304
2008-09-01,1.0,0.6265333226174129,0.6444596969693397,0.8226806597922449,0.3437014150507673,0.3123179871336666,0.9846968114334863
2008-10-01,1.0,0.721271887860036,0.68789766169258,0.9398441443931688,0.3245756920795135,0.291349144205282,0.8923806591063969
2008-11-01,1.0,-0.3581227544457094,3.503442215151776,-0.6021131381381152,0.5613837958919009,0.6037524277719954,0.9920742455672258
2008-12-01,1.0,-0.7279220800870818,4.789213108819122,-1.0793736149774955,0.6416173032049499,0.6956313824591975,0.9937339221930424
2009-01-01,1.0,-0.5075247574493861,5.250301400923106,-0.8502110893334713,0.5944444689144665,0.6529192432322005,0.9567696222206188
2009-02-01,1.0,-0.3436551192084249,5.19567523774094,-0.4928069928813391,0.5581481902595152,0.5813369916167347,0.9734395483302134
2009-03-01,1.0,-0.5604482928041042,4.1563432011620005,-0.7165276827069597,0.6059692138006002,0.6267561509292306,0.9719755343361396
2009-04-01,1.0,-1.2638317242790895,3.244777321098388,-1.673454889183765,0.7443599461714054,0.7910523671361436,0.7438192961270935
2009-05-01,1.0,-0.9637783394838716,2.753121101244664,-1.1570347678473514,0.6892127648762182,0.7094176057242431,0.9649747335932747
2009-06-01,1.0,-0.5423460904875056,0.9766783345754334,-0.603459358164842,0.6020397920949677,0.6040260034807097,0.5326459296010931
2009-07-01,0.0,-0.2893959473600054,-1.3673801091795503,-0.2139599068874731,0.5459715853102607,0.522826746835255,0.005228718088359407
2009-08-01,0.0,-0.4495474825020314,-2.284913518488884,-0.4739609060584102,0.5816991161698035,0.5774352551049527,0.00037850571031146384
2009-09-01,0.0,0.0604683924847914,-2.709857126151921,0.1161422689293754,0.4667711745561673,0.45287357265164724,5.810976657338725e-06
2009-10-01,0.0,0.2154178622453356,-3.526543122349372,0.2732875972185992,0.4319902493908104,0.420049718987284,2.9162765053609035e-07
2009-11-01,0.0,-0.4941234274539899,-3.330532307681368,-0.4211648230473999,0.5915090312126299,0.5664547131467127,8.013374081503007e-05
2009-12-01,0.0,-0.4682803681531127,-3.218782652799647,-0.5520056900791411,0.5858300494558804,0.5935248724778391,8.48719870869938e-05
2010-01-01,0.0,-0.2140739315978697,-3.3781450270634923,-0.256511173969981,0.5289796869111872,0.5318368232590752,2.4289284776800862e-05
2010-02-01,0.0,-0.0334285790941605,-3.340709394882825,0.0471024788419691,0.48802841333267916,0.4674425463472075,8.441116693218733e-05
2010-03-01,0.0,-0.0153434874218362,-2.6662070262905986,0.0497684999645292,0.48392839151291467,0.46687876118460553,0.0003460893799668709
2010-04-01,0.0,0.4246189348686995,-2.263030837656701,0.4734971139365265,0.38613320351317876,0.3792679059593004,0.00028288361164540847
2010-05-01,0.0,0.62791034536448,-2.162140643647778,0.6370552125741045,0.34341957118652966,0.34714622517805743,0.00018154769645937937
2010-06-01,0.0,0.3023774738126362,-1.1061443073444843,0.3643843776335814,0.41273859792123774,0.40132187404790165,0.0011578344722787833
2010-07-01,0.0,-0.0170914453994927,-0.310716146724109,0.0190180940135367,0.48432458068243084,0.47338634445880595,0.007654639995062556
2010-08-01,0.0,-0.1477738636677929,0.1821126997935338,-0.1674997041479069,0.513965947116843,0.512972178938306,0.06703368517859318
2010-09-01,0.0,-0.1203462432491592,0.1636707264007814,-0.1412445434856715,0.507745991189788,0.5073983005355069,0.07310494538010598
2010-10-01,0.0,0.0805296172211588,0.5784596873402892,0.0260625113398442,0.4622425115876917,0.4718946838648712,0.20734357309596782
2010-11-01,0.0,0.037832871514152,1.154415831810374,-0.0516683643336225,0.47188750958814346,0.48837613521437534,0.3506341419242142
2010-12-01,0.0,0.2515299174205908,1.2772791736441502,0.257881635271708,0.42396708316613163,0.42324137676037027,0.4577395776872697
2011-01-01,0.0,0.4998261098285268,0.4042610786854144,0.6181531534869805,0.3700855833339943,0.3507944617871087,0.15479571209156265
2011-02-01,0.0,0.6214121045650106,-0.1120307166889201,0.7201379892544343,0.34475057193836095,0.3313268923229198,0.17381188731586295
2011-03-01,0.0,0.6496339341159224,-0.0867558576866521,0.8845405361238985,0.3389879617720398,0.3011437020548636,0.15510170335511722
2011-04-01,0.0,0.2503113086762782,-0.15900430991862,0.3373938222986171,0.4242371988289202,0.4068432879797827,0.1845790334065981
2011-05-01,0.0,0.2638068307027666,-0.1167783922305073,0.3850259645919581,0.42124835401715915,0.39711601327275753,0.44913335659167053
2011-06-01,0.0,0.294674376827276,-0.2728440056582759,0.4522781145492079,0.4144341249439395,0.38352092364220336,0.5139321636777784
2011-07-01,0.0,0.1211978252286522,0.1076273836323247,0.2494504050371759,0.45308184825115316,0.42499081133831984,0.9391686787517349
2011-08-01,0.0,-0.1663363067052658,0.4064092530735452,-0.1473113865622848,0.5181731485280795,0.5086864839802044,0.8979122115310721
2011-09-01,0.0,-0.7645485079421657,1.1314804236024272,-0.8848500822365969,0.6492242053475941,0.6595576165098016,0.8523149419405119
2011-10-01,0.0,-0.6265071173122364,1.5295671080192756,-0.7516097015788417,0.6201892772454617,0.6337014952541643,0.8317832423320994
2011-11-01,0.0,-0.3686705733872172,1.0626960172391482,-0.504072455456637,0.5637394869762339,0.5836644819400593,0.08591759942074252
2011-12-01,0.0,-0.0660797815009154,0.5659862176553777,-0.2208365554062255,0.49543438438944115,0.5242840138311465,0.01572476649519449
2012-01-01,0.0,0.0089075326304831,0.4561947018843102,-0.1048436302925659,0.47843400097686456,0.49966776629177256,0.006508437183589899
2012-02-01,0.0,0.1883022631043946,0.0019368685079406,0.1229168791211307,0.43803841961591655,0.4514479073980402,0.005613791515714697
2012-03-01,0.0,0.3057384250566415,0.1174359032182658,0.2967915231131905,0.41199946525072884,0.4151933434980756,0.011984745146200553
2012-04-01,0.0,0.3270823306850416,-0.0690849536748728,0.342251825245191,0.4073149507159088,0.4058477120656021,0.013848421252063455
2012-05-01,0.0,0.3931491550875049,0.1613470866355916,0.3738282407149269,0.39292460803091883,0.39939578020764943,0.020661314817331758
2012-06-01,0.0,0.2398850647829158,0.6336153196984874,0.2523468690632867,0.42655010492327383,0.4243895965537095,0.014940412255627616
2012-07-01,0.0,-0.1836855776621514,0.821096300736043,-0.2609286444053694,0.5221030663767396,0.5327711192171357,0.4544990956210305
2012-08-01,0.0,-0.358425229731447,0.9911314916640708,-0.3863146702940691,0.5614513881071678,0.5591699498209484,0.8926029048367736
2012-09-01,0.0,-0.1733267400842626,0.7808880634230388,-0.1637979231954509,0.519756903677728,0.5121864672435078,0.6546890038896052
2012-10-01,0.0,-0.0392260808243479,-0.1710504197044926,-0.0526202174376478,0.48934311668037817,0.48857818889951293,0.30398355875957966
2012-11-01,0.0,0.2474543007247178,-0.6498162478496865,0.3431682510120353,0.4248706577225918,0.4056599906282268,0.1720390399788059
2012-12-01,0.0,0.0741610461620233,-0.3125996341025887,0.2253458111060104,0.46367952720376704,0.430002615697764,0.14944759643222527
2013-01-01,0.0,-0.057797428053094,-0.0215569883492992,-0.1368599565773802,0.4935554562619621,0.5064672513552214,0.21775479901052727
2013-02-01,0.0,0.0408667006679736,0.3303405389161987,0.0248401803925571,0.47120140280454503,0.4721534781172171,0.2130556846013304
2013-03-01,0.0,0.0816056813877101,-0.2432231108079205,0.0135544441278345,0.46199976785106817,0.47454360497302167,0.07659287976585574
2013-04-01,0.0,0.0115118935901259,-0.4975750296809615,-0.1062158742787541,0.4778442350117653,0.49995921278292205,0.19925246335424263
2013-05-01,0.0,-0.4799276984259495,-0.1926661289539905,-0.4504789305160243,0.5883924575585666,0.5725602427422872,0.4606011620508218
2013-06-01,0.0,-0.1539331253711661,-0.906740109114512,-0.1075371199580048,0.5153622004671641,0.5002398279360293,0.1789673544403742
2013-07-01,0.0,-0.2978448410838036,-0.0345623038981282,-0.2265647049150017,0.5478716452129868,0.5254975817550904,0.2645208497020904
2013-08-01,0.0,-0.081531078194617,-0.357095285459923,-0.0222833473393885,0.49893995707993904,0.4821406510359859,0.19662991547469957
2013-09-01,0.0,-0.2212350773274083,-0.1778330799872686,-0.1746958779249244,0.530598688921285,0.5144993967857272,0.16961627981974023
2013-10-01,0.0,-0.4757786909756766,0.3236044213265266,-0.4192079439612863,0.5874802193558927,0.5660463946089617,0.5269924004709086
2013-11-01,0.0,-0.4875081582037986,0.22505604057632,-0.5744929098655663,0.5900575939033453,0.5981254015437815,0.37754680519044204
2013-12-01,0.0,-0.0614771699359495,-0.2659115422229444,-0.2759348039307328,0.49439022026630075,0.5359431704327118,0.13590275336482607
2014-01-01,0.0,0.0770178193401629,-0.5658264527283772,0.0456175684607225,0.4630348438162876,0.4677565974253646,0.06973021608224783
2014-02-01,0.0,-0.2917681916543229,-0.3327221753357785,-0.2288032798294901,0.5465052136626584,0.5259717660369088,0.0364936608047336
2014-03-01,0.0,-0.2945116585123274,-0.4878698457087636,-0.2707513826587171,0.5471222139669953,0.5348477974673462,0.15083959520416043
2014-04-01,0.0,-0.2057873586576961,-0.2250029230445641,-0.1811125718846543,0.5271054876454893,0.5158609609993939,0.3003003064160796
2014-05-01,0.0,0.19800702988883,-0.5981601739426738,0.2060534647312266,0.4358715451898068,0.4340242758032153,0.031233142085651935
2014-06-01,0.0,0.2166299908317261,-0.270994009954957,0.2109343295658456,0.4317203415785681,0.43300597344618996,0.012744215986847954
2014-07-01,0.0,0.1220590365524288,-0.0909314893132493,0.1733172587777399,0.45288817825440025,0.4408680753741648,0.00378644918106922
2014-08-01,0.0,0.2055187257999634,-0.7156651812192513,0.1204479114762177,0.4341960137571225,0.4519673918440398,0.0008774339710964096
2014-09-01,0.0,0.134729293117394,0.0681566188592419,0.1240076953253002,0.4500405580702613,0.4512184272670228,0.0373131206186361
2014-10-01,0.0,0.2909959572034107,0.1207776128982303,0.3311914875877003,0.4152444994482485,0.4081154768369204,0.020203402885318206
2014-11-01,0.0,0.5001981988125335,0.0998998617643051,0.4774722897010648,0.37000686406868843,0.378473181205825,0.010898871260359818
2014-12-01,0.0,0.3584027670689533,0.1274215655803759,0.4079473172012942,0.40047142572276717,0.3924634097730496,0.019875503921054787
2015-01-01,0.0,0.5112813934198418,-0.1230600842432309,0.5693974020480238,0.36766528420522954,0.36028472407724627,0.0277205872676943
2015-02-01,0.0,0.5426274933264367,-0.0730847313507681,0.6660371991165271,0.3610767069771489,0.3415873001089186,0.04582981223538331
2015-03-01,0.0,0.2825584475189152,0.4152194954174324,0.4963532612777329,0.4171050517310484,0.37470742820275205,0.12653455898045057
2015-04-01,0.0,0.2218428118322093,0.289164558159077,0.4142105246855976,0.43056005325657626,0.39119544695644404,0.14754951114187406
2015-05-01,0.0,0.6514969553110901,-0.4038090561244594,0.7111838218712312,0.33860920301483716,0.33301437301938025,0.11458711018683682
2015-06-01,0.0,0.2875118171939276,0.4124557288986681,0.3815869948656464,0.41601249624267056,0.397815689812305,0.4454102958474497
2015-07-01,0.0,0.5264386372431021,0.0213285033195977,0.6022809341971581,0.36447306470024154,0.35387146684004933,0.47997458561531703
2015-08-01,0.0,0.3058520418577848,0.1954352469567784,0.3252822979571387,0.4119744858192161,0.40932868408602113,0.3616013664841704
2015-09-01,0.0,-0.0667204557470997,0.5367660258057678,-0.0732220431939167,0.4955797332942311,0.4929522246528243,0.2540384884969101
2015-10-01,0.0,-0.2679638952735305,0.5244807215641438,-0.4090121159522083,0.5411458755728045,0.5639175145400682,0.13015656526428865
2015-11-01,0.0,-0.4178875153359392,0.6780431920926,-0.4892774120453305,0.5746916994577295,0.5806070151674417,0.5563927061716867
2015-12-01,0.0,-0.3346692702641923,0.0520221221047914,-0.442826595175554,0.5561360492245733,0.5709684700981178,0.6741114492001108
2016-01-01,0.0,-0.3687355825076983,0.1988094107103225,-0.4456287460190233,0.5637539969483978,0.5715515214879799,0.5561955183332546
2016-02-01,0.0,-0.5160338474965519,1.2155186997747782,-0.5356114704219059,0.5963048225630716,0.5901604521223184,0.7930177689834943
2016-03-01,0.0,-0.429272795163426,1.1583833312092238,-0.5967656352643749,0.5772152566252876,0.6026650809423354,0.719740325444384
2016-04-01,0.0,-0.2634093961158916,0.8869687552195473,-0.3236982531371966,0.5401193437223809,0.5460189975225566,0.22947271708790534
2016-05-01,0.0,-0.0963513043188301,0.5800827113479504,-0.1682865251624676,0.5023024555242585,0.5131391754155729,0.06882208849907093
2016-06-01,0.0,0.0620508789282393,0.1416788012453857,0.0471710008435797,0.46641373187762836,0.46742805490921224,0.03072222824313385
2016-07-01,0.0,-0.0919850085809598,-0.1442792499294851,-0.1651032939185165,0.5013118131474882,0.5124635423169405,0.034537406090568136
2016-08-01,0.0,0.0409616125788058,-0.1457643209687864,-0.0400730484185445,0.47117994001984764,0.4859150755925774,0.046057040109086546
2016-09-01,0.0,-0.1699372045006751,-0.0788146335924501,-0.2230247582565051,0.51898901686769,0.5247476419518795,0.020397701312664766
2016-10-01,0.0,-0.3623601817179203,0.2804356608504653,-0.3706465835188359,0.5623304979459719,0.555886319103191,0.03285387461456865
2016-11-01,0.0,-0.2197700900970748,-0.0898939112900905,-0.3823424764475927,0.5302675338006041,0.5583379574919765,0.044027471875992895
2016-12-01,0.0,-0.2850499917180055,-0.0141680988162375,-0.2821203185388913,0.544993704071592,0.5372498535671764,0.05770192490691817
2017-01-01,0.0,0.0417293567089053,-0.7876890680616639,0.0944978835236667,0.47100633109787354,0.45743354013031423,0.054635585338269864
2017-02-01,0.0,-0.0337936619961694,-0.7717216231448659,0.0884712186512253,0.4881111987304961,0.45870452171976045,0.048263650768774445
2017-03-01,0.0,0.0961588519790883,-0.8682676906476421,0.0948237364609217,0.4587186096143231,0.45736483565506414,0.04133375148314761
2017-04-01,0.0,-0.0627718008930746,-0.4722734747927479,-0.008703990007063,0.4946839200979317,0.479260879318459,0.09206275490978096
2017-05-01,0.0,-0.2365535910821997,-0.204645863815246,-0.1841122712898367,0.534059715739144,0.5164973904579655,0.140678256909365
2017-06-01,0.0,-0.3382428942525111,-0.4354016717942913,-0.3161199574820735,0.556936491273315,0.5444226342560946,0.10438257122447858
2017-07-01,0.0,-0.2006564302378898,-0.2868716484396374,-0.2283693059932794,0.5259446235929062,0.5258798435211973,0.21799128476340526
2017-08-01,0.0,-0.2314150677625055,-0.124287798351533,-0.2641407991645992,0.5328990793768796,0.5334503467285623,0.18761400763376587
2017-09-01,0.0,-0.2982708525560804,-0.2176614457917266,-0.3071531852602542,0.5479674138662505,0.5425326120933964,0.05087593751227692
2017-10-01,0.0,-0.1110728192371282,0.0833415810795627,-0.1613055956771246,0.5056423522935216,0.511657430715736,0.02011519900504641
2017-11-01,0.0,0.4040902659051831,-0.2795005095545238,0.4230118239238987,0.39055859153775696,0.38941614017884596,0.014330591801564313
2017-12-01,0.0,0.3637727408220704,-0.4163760962708583,0.3457427586279135,0.39930189487784457,0.40513277398958086,0.02062067802876793
2018-01-01,0.0,0.1518733035590654,-0.2063059003119238,0.195995161589156,0.44619270844467623,0.43612450343690895,0.016990543048924778
2018-02-01,0.0,0.4689632881821045,-1.0964702310980023,0.4076657496930329,0.37663863539835357,0.3925204462744451,0.009380131572251113
2018-03-01,0.0,0.2703733354316676,-1.2641927168674714,0.2838668275600911,0.4197961446940109,0.4178618655835756,0.005949372776008115
2018-04-01,0.0,0.1809151142688684,-1.1167714973479748,0.1484445107103428,0.4396894081433521,0.44608315661659625,0.003608923390923601
2018-05-01,0.0,0.0600693667042546,-0.5028108834520243,0.0968419452399763,0.46686130953986754,0.45693934257412916,0.05996967503542103
2018-06-01,0.0,0.2796682390716042,-0.605849313591803,0.2190173718830142,0.4177429165642187,0.4313208437637652,0.0318897759961282
2018-07-01,0.0,-0.0450195457627603,-0.1804618982670889,-0.0056739624439599,0.4906570518945487,0.47861848321291295,0.03842767238308534
2018-08-01,0.0,0.0627054909035554,-0.4296193156940748,0.0601802615065037,0.46626588205741737,0.46467780281344706,0.03952084678186427
2018-09-01,0.0,0.2477035407680737,-0.786181903652329,0.1699067741258225,0.42481538609408664,0.4415824083653761,0.030669580161752717
2018-10-01,0.0,0.2998258205280078,-0.7067300808953223,0.316035718201626,0.413300014638354,0.4112292981797996,0.12694779323509686
2018-11-01,0.0,-0.0088635842499643,0.0393490769201102,0.1225989304662955,0.4824598478965627,0.45151479964187796,0.2356021170870751
2018-12-01,0.0,-0.1799249992492437,0.1608965935863307,-0.1489316995845415,0.5212514440514393,0.5090305090803191,0.15912084700555787
2019-01-01,0.0,-0.4699127604733769,1.4744893237485674,-0.3309941195785354,0.5861894585281657,0.547554974191497,0.12278121669003325
2019-02-01,0.0,-0.3051203585306378,1.3071246017807354,-0.3877746125799543,0.5495067108201032,0.5594756574914524,0.42483238474435026
2019-03-01,0.0,-0.221246892658149,1.2715749063918202,-0.1368064526996614,0.5306013596253777,0.5064558897344341,0.5712434848165201
2019-04-01,0.0,0.0849006023481858,0.7538920088627765,0.1767236307621978,0.46125659623994614,0.4401548480728066,0.4168517222121975
2019-05-01,0.0,0.2822817897523398,0.137650758297327,0.3228051051181645,0.41716609773005453,0.4098376024867309,0.3558605200840955
2019-06-01,0.0,0.1178061438323396,0.434588043821586,0.2306575886699873,0.4538447102698415,0.4288969253884895,0.28428448568587744
2019-07-01,0.0,0.2164629290863384,0.8174074528593811,0.2716675742501791,0.4317575392447611,0.4203850300746314,0.706689277364459
2019-08-01,0.0,0.3083916551620483,0.4830563615672782,0.3859403952997123,0.41141625301944973,0.39693003818276845,0.4488252191135881
2019-09-01,0.0,0.2759621497036122,0.9031666897993312,0.1549569810799488,0.418561247719258,0.4447164884574573,0.3636192959310782
2019-10-01,0.0,0.4158342749341172,1.1251637716061238,0.3944862944879793,0.38802466688919657,0.3951934364939507,0.5567120327778246
2019-11-01,0.0,0.5116888263724855,0.8866200051843858,0.4900218361230543,0.3675793226812184,0.3759685479990447,0.5798201303689662
2019-12-01,0.0,0.820491283384507,0.7131104553867978,0.8257256764989653,0.3051550569796903,0.3117626574928586,0.5859145791698166
2020-01-01,0.0,1.4495595451135068,0.2138533923796032,1.3738007262798932,0.1988052622794795,0.2214033052242164,0.6009294927210886
2020-02-01,0.0,1.557683329533372,0.4404378056829341,1.4650854478984652,0.18363585164406668,0.20832395515507432,0.6680301360476192
2020-03-01,1.0,1.357458446191943,1.7911179695130923,1.404149412860982,0.21245469861893737,0.21699073265930485,0.8313185171470127
2020-04-01,1.0,-0.3085624341544179,6.103914137625202,-0.4518801954394745,0.5502798964653767,0.5728515600912758,0.9963661046860206
2020-05-01,0.0,-0.8903572196807528,7.659519257621459,-1.1007123323011654,0.6747632029187226,0.6994559785340974,0.9996895917515173
2020-06-01,0.0,-0.4035395050525452,7.503498117834366,-0.5963403591189501,0.5715059143326322,0.6025785627476065,0.9999360749500896
2020-07-01,0.0,0.2685523564792376,6.475412550221875,0.0858185751774932,0.4201987235969165,0.45926411706889814,0.9999531174336617
2020-08-01,0.0,0.5842890930323918,4.971335049871281,0.1898762995852571,0.35240055810992205,0.4374032815007916,0.9981478797860255
2020-09-01,0.0,-2.557176990365218,-8.248408919848568,-1.7763098848542236,0.9040039853960803,0.8051283693052322,4.3772722039322666e-08
2020-10-01,0.0,-3.956710268983225,-13.271714809480184,-2.3706652768833703,0.9710461438458052,0.8725386427682964,0.44335437354372464
2020-11-01,0.0,-3.239762149681698,-9.84296775114526,-3.4042669094810507,0.945935971538438,0.9427669275605056,9.056962551656885e-13
2020-12-01,0.0,-2.2289635725917325,-7.547861830605085,-2.6555823160694687,0.8748629481518047,0.8971216457439058,4.55817404102272e-12
2021-01-01,0.0,-0.9205475087273112,-4.5762815499947385,-1.060871614827219,0.68074712960571,0.6922931711816142,8.443585225668368e-06
2021-02-01,0.0,-0.1723999990849942,-1.499680612359229,-0.3057629338184992,0.5195469630336365,0.5422394629238707,0.00011663523375851338
2021-03-01,0.0,-0.2635060497863078,0.4146337493388558,-0.2430261728553523,0.5401411319175373,0.5289833889615846,0.02641098200845971
2021-04-01,0.0,0.5594822513785974,-0.9172268913002356,0.4410019669566833,0.3575553511383135,0.3857883712274655,0.007490780639014726
2021-05-01,0.0,0.6370193336588753,-0.8406230766621905,0.7430039333058749,0.3415579624402251,0.3270373303412401,0.017069561511221264
2021-06-01,0.0,0.5220256452157225,-0.8510375495653952,0.5741584781562916,0.3654012556204293,0.35935301719325946,0.2267936760550043
2021-07-01,0.0,0.8692377098048041,-1.0111660594850442,0.9977385993516558,0.2958563390956371,0.28129952058291385,0.6079567435723955
2021-08-01,0.0,0.7600327574702301,-0.5822908876361297,0.8916312828605106,0.3169119749808853,0.2998774505886163,0.7715596586656663
2021-09-01,0.0,0.2312667437467194,-1.35856770097244,0.0249312795792308,0.4284643833882373,0.47213418990481487,0.021976070520011992
2021-10-01,0.0,0.3727483688559423,-0.0341727380393737,0.4240780441073312,0.3973496533414155,0.3892007875406656,0.2792028019999778
2021-11-01,0.0,0.7384215837496295,-0.8075693958307341,0.7017978592383003,0.32117297558910896,0.33478783622825875,0.061784517727763916
2021-12-01,0.0,0.9942576971147026,-0.3592758767941011,0.8795229496152606,0.2727786915786557,0.30204156847255037,0.14806494948965773
2022-01-01,0.0,1.4098753525754617,-0.6794098829668882,1.2515700313895453,0.2046041195256072,0.2398200218457614,0.10715191161893602
2022-02-01,0.0,1.2748024177100388,0.3096942078582032,1.1659484631731791,0.22527647360219583,0.2533306468153941,0.047786935055379016
2022-03-01,0.0,0.9320946251576367,0.7113480729749433,0.7235091973399203,0.28411223144519004,0.33069268154510273,0.0476516504689465
2022-04-01,0.0,0.8710409839797746,0.5136092001180779,0.4812630265533146,0.29551551655530806,0.37771593715533186,0.0268646074361406
2022-05-01,0.0,0.9348016031246484,0.6598885460527523,0.7637883013122987,0.28361281980682346,0.3231631743961878,0.040774542193641634
2022-06-01,0.0,0.1436983534035749,1.9263831344518727,0.0429049765849278,0.4480267417853038,0.46833036275629875,0.4223999207631079
2022-07-01,0.0,-0.4606982945559204,2.553470949235308,-0.5537637600025007,0.5841594872788878,0.5938851489167595,0.2837902349268427
2022-08-01,0.0,-0.3215924430731499,2.3177857746417483,-0.4612099898011105,0.5532045674689254,0.5747898894822122,0.275332028188768
2022-09-01,0.0,0.0210353678745288,1.7814640202706111,-0.0732383063928981,0.47568815167651685,0.4929556780560421,0.054089337500335455
2022-10-01,0.0,-0.4150410279579377,2.596639769767449,-0.3293906048874107,0.5740601590096257,0.5472174677103608,0.08708172882359522
2022-11-01,0.0,-0.3016809849285722,1.9085315186243097,-0.2697192385584089,0.5487338932190685,0.5346296418351961,0.3032456133679449
2022-12-01,0.0,-0.1089468489145769,1.4887643793167298,-0.145881817428282,0.5051600536376958,0.5083829508084943,0.2722079545412211
2023-01-01,0.0,-0.635626130116218,1.5752857044065791,-0.438677214481262,0.622136764460927,0.5701047353556944,0.19332842694577884
2023-02-01,0.0,-0.262937640706432,0.6263963586779813,-0.0977709003511467,0.5400129958572324,0.4981656198342439,0.4968162510633774
2023-03-01,0.0,-0.2424349462985269,0.4097648957969562,-0.0490598488524353,0.5353876821000961,0.4878224348101454,0.1066529479856657
2023-04-01,0.0,-0.2890075515765951,0.8940251069618561,-0.2238854011367628,0.5458842068929485,0.5249299800572081,0.13059927715566239
2023-05-01,0.0,-0.2990188195642987,0.8634246307059437,-0.2233533528551551,0.5481355504896421,0.5248172596648683,0.21937403014597634
2023-06-01,0.0,-0.2870044948278075,0.4091179539532238,-0.4891964818361296,0.5454335292058743,0.5805902732934337,0.3637597974635088
2023-07-01,0.0,-0.338727531676796,-0.5394468760792384,-0.4304875888444064,0.5570450206434514,0.5683987352833558,0.1575671729344466
2023-08-01,0.0,0.2166238917612977,-1.0595806492260198,0.2146389208023092,0.43172169957302026,0.43223345598002516,0.1616928982716118
2023-09-01,0.0,-0.1899782923730503,-0.0542854353561562,-0.0887555308442247,0.5235278276228867,0.49625093618281063,0.35183732416848795
2023-10-01,0.0,-0.5469269689389112,0.3885596752140356,-0.3922540851450744,0.6030354229654533,0.5604133635836853,0.4096809910549918
2023-11-01,0.0,-0.8345106752385545,1.1263266302138617,-0.7029266438745361,0.6635433518810218,0.6240491861022194,0.5893149466476435
2023-12-01,0.0,-0.3409565146823348,0.192833467603129,-0.4228004825484932,0.5575441072793877,0.566795937446517,0.6415953453596998
2024-01-01,0.0,-0.0905211141634795,-1.0564113043344912,-0.1123504926250287,0.5009796763243466,0.5012621222001188,0.16741107069552652
2024-02-01,0.0,0.1518194681575609,-0.7982743540159268,0.3377020322539772,0.4462047815724481,0.4067801020718401,0.12920825635237393
2024-03-01,0.0,0.6148482792245635,-1.6300178370711806,0.6015614558913238,0.34609748252547823,0.3540112350834942,0.02656013917268642
2024-04-01,0.0,0.4653284546301616,-0.8607238575061879,0.6352681137207974,0.3774134453906056,0.3474903889994324,0.1247988405396528
2024-05-01,0.0,-0.043452523250623,-0.8133908737684585,0.1359968394979188,0.49030164381598657,0.4486976027867838,0.19271660323366127
2024-06-01,0.0,-0.1029274655602775,-0.2469237981483765,-0.000225745811958,0.5037944443003458,0.4774635861658874,0.7309582651708317
2024-07-01,0.0,0.0114597643113363,-0.4459071895883228,0.0500013428758154,0.47785603925528164,0.46682952574326253,0.30656322565173716
2024-08-01,0.0,-0.2381931127267235,-0.4567269886121878,-0.2809027960846834,0.534429956906321,0.5369926931606762,0.06018779717979682
2024-09-01,0.0,0.3184747715384195,-0.2716699800432566,0.1898283312311901,0.4092021434143997,0.43741330969451686,0.0282288566152658
2024-10-01,0.0,0.3348899451266501,-0.3692199736540026,0.2779027174617042,0.4056055050590764,0.4190948904952162,0.07963586257245892
2024-11-01,0.0,0.1805972728476343,-0.6358305342813895,0.2033158506486826,0.4397604742368709,0.43459567293811063,0.03371101926891553
2024-12-01,0.0,0.5837573723722173,-1.0097345736416554,0.6763914313361337,0.3525106935457726,0.33961170552811326,0.03466092133542474
2025-01-01,0.0,0.643622700337475,-1.2879933846216394,0.7031801123200095,0.34021147141430597,0.334526366942625,0.025178662367415644
2025-02-01,0.0,0.3537619753408071,-1.141158079431669,0.4166714619691715,0.40148306226130465,0.3906976401278895,0.03722553293798825
2025-03-01,0.0,0.2613916816825889,-0.6397297742448359,0.2203865242395667,0.42178281837302434,0.43103556308934277,0.06589106289227496
2025-04-01,0.0,-0.8199411241811584,0.9152057964270848,-0.7985225880886446,0.6605850126835443,0.6429024811127501,0.07077943727863771
2025-05-01,0.0,-1.1520511072955784,1.516127343025878,-1.2684098788026057,0.7245826072053956,0.7285296932480083,0.16571694173124488
2025-06-01,0.0,-0.8955026413396122,1.254505069382581,-0.998598100688187,0.6757871712563075,0.6809101758026106,0.1484608960669651
2025-07-01,0.0,-0.0959742937271958,0.1320849943827624,-0.1404787894899579,0.5022169184780491,0.507235699308111,0.06270604089599233
2025-08-01,0.0,0.1751895354517522,-0.3806932806333825,0.0949875805463009,0.44096996522036125,0.45733029055507207,0.013072645170637538
2025-09-01,0.0,0.0162975113045087,0.4520238852665071,0.045175423629838,0.47676067861419336,0.4678501137810896,0.11999581951659509
2025-10-01,0.0,0.0946749081325293,-0.0020848614526742,0.0528998061852548,0.45905302062080583,0.46621669000601546,0.15665865473603335
2025-11-01,0.0,0.1580483679159687,0.1357698564290556,0.1354256386554215,0.44480831316079156,0.44881764412598757,0.32533844334869433
2025-12-01,0.0,0.0851642658363281,0.1550135302722636,-0.0102923108552543,0.46119713416209823,0.4795976467376669,0.06648529885440559
2026-01-01,0.0,0.114586881545645,0.1066977542710291,0.05939116162931,0.45456899212245083,0.4648445647697704,0.15894370466791272
2026-02-01,0.0,0.3219157542180854,-0.2833802417536119,0.3510167352901653,0.40844738949151205,0.4040534349198569,0.09495480605192659
2026-03-01,0.0,0.182363469175601,0.0168627741324574,0.2504893535883834,0.4393656021360732,0.42477513269363876,0.019594186070445083
2026-04-01,0.0,-0.1838149420586357,0.5618987354339717,-0.185977053390681,0.5221323600401804,0.516893004013124,0.006623192293496838
2026-05-01,0.0,0.1971715997319194,-0.3806196141152477,0.1016572145566793,0.43605798443190985,0.4559244082651566,0.023849426708109363
2026-06-01,0.0,0.1150645395533682,-0.2678053579481972,0.0617810786699222,0.45446151458798806,0.46433952342155277,0.08379184557172349
2026-07-01,0.0,0.0343062181152198,-0.0394376193397959,0.0703986360412067,0.4726852029323148,0.46251906111642194,0.04646559216541866
